"Facility";"YearNum";"ProgramType";"GroupCode"
"sociology";"2012";"бакалавриат";"4.1"
"sociology";"2012";"бакалавриат";"4.2"
"sociology";"2012";"бакалавриат";"4.3"
"sociology";"2012";"бакалавриат";"4.4"
"sociology";"2012";"бакалавриат";"4.5"
"sociology";"2012";"бакалавриат";"4.6"
"sociology";"2012";"бакалавриат";"4.7"
"sociology";"2013";"бакалавриат";"3.1"
"sociology";"2013";"бакалавриат";"3.2"
"sociology";"2013";"бакалавриат";"3.3"
"sociology";"2013";"бакалавриат";"3.4"
"sociology";"2013";"бакалавриат";"3.5"
"sociology";"2013";"бакалавриат";"3.6"
"sociology";"2013";"бакалавриат";"3.7"
"sociology";"2014";"бакалавриат";"2.1"
"sociology";"2014";"бакалавриат";"2.2"
"sociology";"2014";"бакалавриат";"2.3"
"sociology";"2014";"бакалавриат";"2.4"
"sociology";"2014";"бакалавриат";"2.5"
"sociology";"2014";"бакалавриат";"2.6"
"sociology";"2014";"бакалавриат";"2.7"
"sociology";"2015";"бакалавриат";"1.1"
"sociology";"2015";"бакалавриат";"1.2"
"sociology";"2015";"бакалавриат";"1.3"
"sociology";"2015";"бакалавриат";"1.4"
"sociology";"2015";"бакалавриат";"1.5"
"sociology";"2015";"бакалавриат";"1.6"
"sociology";"2015";"бакалавриат";"1.7"
"sociology";"2014";"магистратура";"2  ГИ"
"sociology";"2014";"магистратура";"2  С Р"
"sociology";"2014";"магистратура";"2  СА"
"sociology";"2014";"магистратура";"2  СК"
"sociology";"2014";"магистратура";"2  СОУП"
"sociology";"2014";"магистратура";"2  ЭС"
"sociology";"2014";"магистратура";"2 ЕО"
"sociology";"2014";"магистратура";"2 СПМО"
"sociology";"2014";"магистратура";"2 ССТ"
"sociology";"2014";"магистратура";"2 СМИТ"
"sociology";"2015";"магистратура";"1  ЕО"
"sociology";"2015";"магистратура";"1  СК"
"sociology";"2015";"магистратура";"1 СОУП"
"sociology";"2015";"магистратура";"1 СПМО"
"sociology";"2015";"магистратура";"1 СР"
"sociology";"2015";"магистратура";"1 ЭС"
"sociology";"2015";"магистратура";"1СА"
"sociology";"2015";"магистратура";"1ССТ"
"sociology";"2015";"магистратура";"1 СМИТ"
"biology";"2012";"бакалавриат";"4  Э"
"biology";"2012";"бакалавриат";"4 Б"
"biology";"2012";"бакалавриат";"4 К 1"
"biology";"2012";"бакалавриат";"4 К 2"
"biology";"2012";"бакалавриат";"4 Ф 1"
"biology";"2012";"бакалавриат";"4 Ф 2"
"biology";"2013";"бакалавриат";"3 Б"
"biology";"2013";"бакалавриат";"3 К 1"
"biology";"2013";"бакалавриат";"3 К 2"
"biology";"2013";"бакалавриат";"3 К 3"
"biology";"2013";"бакалавриат";"3 Ф 1"
"biology";"2013";"бакалавриат";"3 Ф 2"
"biology";"2014";"бакалавриат";"2 Б 1"
"biology";"2014";"бакалавриат";"2 Б 2"
"biology";"2014";"бакалавриат";"2 Б 3"
"biology";"2014";"бакалавриат";"2 Б 4"
"biology";"2014";"бакалавриат";"2 Б 5"
"biology";"2014";"бакалавриат";"2 Б 6"
"biology";"2015";"бакалавриат";"1 Б 1"
"biology";"2015";"бакалавриат";"1 Б 2"
"biology";"2015";"бакалавриат";"1 Б 3"
"biology";"2015";"бакалавриат";"1 Б 4"
"biology";"2015";"бакалавриат";"1 Б 5"
"biology";"2015";"бакалавриат";"1 Б 6"
"biology";"2015";"бакалавриат";"1 Б 7"
"biology";"2015";"бакалавриат";"1 Б 8"
"biology";"2014";"магистратура";"2 М БИОФИЗИКА"
"biology";"2014";"магистратура";"2 М БИОХИМИЯ"
"biology";"2014";"магистратура";"2 М БОТАНИКА"
"biology";"2014";"магистратура";"2 М ГЕНЕТИКА"
"biology";"2014";"магистратура";"2 М ГИДРБИОЛОГИЯ"
"biology";"2014";"магистратура";"2 М З/ БЕСП"
"biology";"2014";"магистратура";"2 М З/ПОЗВ"
"biology";"2014";"магистратура";"2 М МИКРОБИОЛОГИЯ"
"biology";"2014";"магистратура";"2 М НЕЙРОБИОЛОГИЯ"
"biology";"2014";"магистратура";"2 М ФБР"
"biology";"2014";"магистратура";"2 М ФИЗИОЛОГИЯ"
"biology";"2014";"магистратура";"2 М ЦИТОЛОГИЯ"
"biology";"2014";"магистратура";"2 М ЭКОЛОГИЯ  назем"
"biology";"2014";"магистратура";"2 М ЭКОЛОГИЯ водная"
"biology";"2014";"магистратура";"2 М ЭМБРИОЛОГИЯ"
"biology";"2015";"магистратура";"1 М Биохимия"
"biology";"2015";"магистратура";"1 М Ботаника"
"biology";"2015";"магистратура";"1 М Генетика"
"biology";"2015";"магистратура";"1 М Гидробиология"
"biology";"2015";"магистратура";"1 М Зоология паразитология"
"biology";"2015";"магистратура";"1 М Микробиология"
"biology";"2015";"магистратура";"1 М Нейробиология"
"biology";"2015";"магистратура";"1 М ФБР"
"biology";"2015";"магистратура";"1 М Физиология"
"biology";"2015";"магистратура";"1 М Цитология"
"biology";"2015";"магистратура";"1 М Экология водн"
"biology";"2015";"магистратура";"1 М Экология назем"
"biology";"2015";"магистратура";"1 М Эмбриология"
"biology";"2015";"магистратура";"1 М Энтомология"
"easternstudies";"2012";"бакалавриат";"41АрФ"
"easternstudies";"2012";"бакалавриат";"41Асс"
"easternstudies";"2012";"бакалавриат";"41ВтКтФ"
"easternstudies";"2012";"бакалавриат";"41Гбр"
"easternstudies";"2012";"бакалавриат";"41Егп"
"easternstudies";"2012";"бакалавриат";"41ИИА"
"easternstudies";"2012";"бакалавриат";"41ИИБ"
"easternstudies";"2012";"бакалавриат";"41ИКв(Гр)"
"easternstudies";"2012";"бакалавриат";"41ИКт"
"easternstudies";"2012";"бакалавриат";"41ИрФ"
"easternstudies";"2012";"бакалавриат";"41ИЯп"
"easternstudies";"2012";"бакалавриат";"41КрФ"
"easternstudies";"2012";"бакалавриат";"41КтФ"
"easternstudies";"2012";"бакалавриат";"41КхТФ"
"easternstudies";"2012";"бакалавриат";"41ОТД"
"easternstudies";"2012";"бакалавриат";"41ТбМнФ"
"easternstudies";"2012";"бакалавриат";"41ТрФ"
"easternstudies";"2012";"бакалавриат";"41ЭБВ"
"easternstudies";"2012";"бакалавриат";"41ЭКт"
"easternstudies";"2012";"бакалавриат";"41ЯВА"
"easternstudies";"2012";"бакалавриат";"42ОТД"
"easternstudies";"2013";"бакалавриат";"31ИАС"
"easternstudies";"2013";"бакалавриат";"31ИаФ"
"easternstudies";"2013";"бакалавриат";"31ИВт"
"easternstudies";"2013";"бакалавриат";"31ИДВ"
"easternstudies";"2013";"бакалавриат";"31ИИА"
"easternstudies";"2013";"бакалавриат";"31ИКв (Аз)"
"easternstudies";"2013";"бакалавриат";"31ИКт"
"easternstudies";"2013";"бакалавриат";"31ИМн"
"easternstudies";"2013";"бакалавриат";"31ИнМлФ"
"easternstudies";"2013";"бакалавриат";"31ИТл"
"easternstudies";"2013";"бакалавриат";"31ИТр"
"easternstudies";"2013";"бакалавриат";"31ИЦА"
"easternstudies";"2013";"бакалавриат";"31КрФ"
"easternstudies";"2013";"бакалавриат";"31КтФ"
"easternstudies";"2013";"бакалавриат";"31КхВтФ"
"easternstudies";"2013";"бакалавриат";"31ОТД"
"easternstudies";"2013";"бакалавриат";"31ЭБВ"
"easternstudies";"2013";"бакалавриат";"31ЯЗА"
"easternstudies";"2013";"бакалавриат";"31ЯпФ"
"easternstudies";"2013";"бакалавриат";"32ИКт"
"easternstudies";"2013";"бакалавриат";"32ОТД"
"easternstudies";"2013";"бакалавриат";"32ЯпФ"
"easternstudies";"2014";"бакалавриат";"21АрФ"
"easternstudies";"2014";"бакалавриат";"21Гбр"
"easternstudies";"2014";"бакалавриат";"21Егп"
"easternstudies";"2014";"бакалавриат";"21ИИн"
"easternstudies";"2014";"бакалавриат";"21ИКв(Ар)"
"easternstudies";"2014";"бакалавриат";"21ИКр"
"easternstudies";"2014";"бакалавриат";"21ИКт"
"easternstudies";"2014";"бакалавриат";"21ИрФ"
"easternstudies";"2014";"бакалавриат";"21ИЯп"
"easternstudies";"2014";"бакалавриат";"21ТрФ"
"easternstudies";"2014";"бакалавриат";"21ЯЗА"
"easternstudies";"2014";"бакалавриат";"22ИКр"
"easternstudies";"2014";"бакалавриат";"22ИКт"
"easternstudies";"2014";"бакалавриат";"22ИЯп"
"easternstudies";"2015";"бакалавриат";"11ИАС"
"easternstudies";"2015";"бакалавриат";"11ИаФ"
"easternstudies";"2015";"бакалавриат";"11ИИА"
"easternstudies";"2015";"бакалавриат";"11ИнФФ"
"easternstudies";"2015";"бакалавриат";"11Исл"
"easternstudies";"2015";"бакалавриат";"11ИТл"
"easternstudies";"2015";"бакалавриат";"11ИТр"
"easternstudies";"2015";"бакалавриат";"11ИЦА"
"easternstudies";"2015";"бакалавриат";"11КрФ"
"easternstudies";"2015";"бакалавриат";"11КтФ"
"easternstudies";"2015";"бакалавриат";"11КхВтФ"
"easternstudies";"2015";"бакалавриат";"11ТбМнФ"
"easternstudies";"2015";"бакалавриат";"11ЯВА"
"easternstudies";"2015";"бакалавриат";"11ЯпФ"
"easternstudies";"2015";"бакалавриат";"12КрФ"
"easternstudies";"2015";"бакалавриат";"12КтФ"
"easternstudies";"2015";"бакалавриат";"12ЯпФ"
"easternstudies";"2014";"магистратура";"2МИИрФ"
"easternstudies";"2014";"магистратура";"2МИИЯп"
"easternstudies";"2014";"магистратура";"2МИТб"
"easternstudies";"2014";"магистратура";"2МИТрФ"
"easternstudies";"2014";"магистратура";"2МКИАС"
"easternstudies";"2014";"магистратура";"2МКИрФ"
"easternstudies";"2014";"магистратура";"2МККтФ"
"easternstudies";"2014";"магистратура";"2МЛАрФ"
"easternstudies";"2014";"магистратура";"2МЛИаФ"
"easternstudies";"2014";"магистратура";"2МЛИЯп"
"easternstudies";"2014";"магистратура";"2МЛКтФ"
"easternstudies";"2014";"магистратура";"2МПИАС"
"easternstudies";"2014";"магистратура";"2МПИКв"
"easternstudies";"2014";"магистратура";"2МПИКт"
"easternstudies";"2014";"магистратура";"2МПИнМл"
"easternstudies";"2014";"магистратура";"2МПИрФ"
"easternstudies";"2014";"магистратура";"2МПИЯп"
"easternstudies";"2014";"магистратура";"2МРЗА"
"easternstudies";"2014";"магистратура";"2МРИЯп"
"easternstudies";"2014";"магистратура";"2МРТбМнФ"
"easternstudies";"2014";"магистратура";"2МЭБрФ"
"easternstudies";"2014";"магистратура";"2МЭИАС"
"easternstudies";"2014";"магистратура";"2МЭИКт"
"easternstudies";"2014";"магистратура";"2МЭИЯп"
"easternstudies";"2014";"магистратура";"2МЭКхВт Ф"
"easternstudies";"2014";"магистратура";"2МЭКхТФ"
"easternstudies";"2014";"магистратура";"2МЭТрФ"
"easternstudies";"2014";"магистратура";"2МЭЯЗА"
"easternstudies";"2014";"магистратура";"2МЯ1ТМФ"
"easternstudies";"2014";"магистратура";"2МЯ2ТМФ"
"easternstudies";"2014";"магистратура";"2МЯАрФ"
"easternstudies";"2014";"магистратура";"2МЯКтФ"
"easternstudies";"2014";"магистратура";"2МЯЯЗА"
"easternstudies";"2015";"магистратура";"1МИаБФ"
"easternstudies";"2015";"магистратура";"1МИИАС"
"easternstudies";"2015";"магистратура";"1МИИВК"
"easternstudies";"2015";"магистратура";"1МИИИБ"
"easternstudies";"2015";"магистратура";"1МИИКт"
"easternstudies";"2015";"магистратура";"1МИЯп"
"easternstudies";"2015";"магистратура";"1МКАсс"
"easternstudies";"2015";"магистратура";"1МКИаБФ"
"easternstudies";"2015";"магистратура";"1МКИКВ"
"easternstudies";"2015";"магистратура";"1МКИнФФ"
"easternstudies";"2015";"магистратура";"1МККтФ"
"easternstudies";"2015";"магистратура";"1МКТМФ"
"easternstudies";"2015";"магистратура";"1МКТрФ"
"easternstudies";"2015";"магистратура";"1МЛАрФ"
"easternstudies";"2015";"магистратура";"1МЛИаБФ"
"easternstudies";"2015";"магистратура";"1МЛКтФ"
"easternstudies";"2015";"магистратура";"1МЛКхТФ"
"easternstudies";"2015";"магистратура";"1МЛЯВА"
"easternstudies";"2015";"магистратура";"1МЛЯФ"
"easternstudies";"2015";"магистратура";"1МПАрФ"
"easternstudies";"2015";"магистратура";"1МПИВК"
"easternstudies";"2015";"магистратура";"1МПИКр"
"easternstudies";"2015";"магистратура";"1МПИКт"
"easternstudies";"2015";"магистратура";"1МПИнФФ"
"easternstudies";"2015";"магистратура";"1МПИЯп"
"easternstudies";"2015";"магистратура";"1МПЭБВ"
"easternstudies";"2015";"магистратура";"1МРАрФ"
"easternstudies";"2015";"магистратура";"1МРАсс"
"easternstudies";"2015";"магистратура";"1МРИаФ"
"easternstudies";"2015";"магистратура";"1МРИИА"
"easternstudies";"2015";"магистратура";"1МРИЯп"
"easternstudies";"2015";"магистратура";"1МРКтФ"
"easternstudies";"2015";"магистратура";"1МРЭБВ"
"easternstudies";"2015";"магистратура";"1МРЯЗА"
"easternstudies";"2015";"магистратура";"1МЭИВК"
"easternstudies";"2015";"магистратура";"1МЭИКр"
"easternstudies";"2015";"магистратура";"1МЭИКт"
"easternstudies";"2015";"магистратура";"1МЭИЯп"
"easternstudies";"2015";"магистратура";"1МЭЭБВ"
"easternstudies";"2015";"магистратура";"1МЯИАС"
"easternstudies";"2015";"магистратура";"1МЯИКр"
"easternstudies";"2015";"магистратура";"1МЯКтФ"
"easternstudies";"2015";"магистратура";"1МЯЯпФ"
"earth";"2015";"магистратура";"ПОМОР/ POMOR"
"earth";"2015";"магистратура";"1  Геофизика"
"earth";"2015";"магистратура";"1  Геохимия и минералогия"
"earth";"2015";"магистратура";"1  Гидрогеология"
"earth";"2015";"магистратура";"1  Инженерная геология"
"earth";"2015";"магистратура";"1  Минерагения и геолого-экономическая оценка месторождений полезных ископаемых"
"earth";"2015";"магистратура";"1  Почвоведение"
"earth";"2015";"магистратура";"1  Тектоника осадочная геология и палеонтология"
"earth";"2015";"бакалавриат";"1 География"
"earth";"2015";"бакалавриат";"2 География"
"earth";"2015";"бакалавриат";"3 География"
"earth";"2015";"магистратура";"1 Геоинформатика"
"earth";"2015";"магистратура";"1 Геоэкологический мониторинг"
"earth";"2015";"магистратура";"1 Метеорология"
"earth";"2015";"магистратура";"1 Политическая география"
"earth";"2015";"магистратура";"1 Природопользование"
"earth";"2015";"магистратура";"1 Туризм"
"earth";"2015";"магистратура";"1 Управление землепользованием"
"earth";"2015";"магистратура";"1 Устойчивое развитие"
"earth";"2015";"магистратура";"1 Физическая география"
"earth";"2015";"магистратура";"1 Четвертичная геология"
"earth";"2015";"магистратура";"1 Экологический менеджмент"
"earth";"2015";"магистратура";"1 Экономическая география"
"earth";"2014";"бакалавриат";"2  Нефтегазовое дело"
"earth";"2014";"бакалавриат";"Биогеография и география почв"
"earth";"2014";"бакалавриат";"2 География"
"earth";"2014";"бакалавриат";"География полярных стран"
"earth";"2014";"бакалавриат";"Геоинформатика"
"earth";"2014";"бакалавриат";"2 Геология"
"earth";"2014";"бакалавриат";"2 Геофизика"
"earth";"2014";"магистратура";"2 Геофизика"
"earth";"2014";"бакалавриат";"2 Геохимия"
"earth";"2014";"магистратура";"2 Геохимия и минералогия"
"earth";"2014";"магистратура";"Гидрогеология"
"earth";"2014";"бакалавриат";"2 Гидрогеология и инженерная геология"
"earth";"2014";"бакалавриат";"2 Гидрология"
"earth";"2014";"магистратура";"2 Инженерная геология"
"earth";"2014";"магистратура";"2 Кристаллография и кристаллохимия"
"earth";"2014";"магистратура";"2 Минерагения и геолого-экономическая оценка МПИ"
"earth";"2014";"магистратура";"2 Нефтегазовое дело"
"earth";"2014";"бакалавриат";"2 Океанология"
"earth";"2014";"магистратура";"2 Петрология и изотопно-геологические исследования"
"earth";"2014";"бакалавриат";"2 Почвоведение"
"earth";"2014";"магистратура";"2 Почвоведение"
"earth";"2014";"бакалавриат";"2 Рациональное природопользование"
"earth";"2014";"бакалавриат";"2 Региональная политика/Политическая география"
"earth";"2014";"бакалавриат";"2 Страноведение"
"earth";"2014";"бакалавриат";"2 Физическая география"
"earth";"2014";"бакалавриат";"2 Экологическая безопасность/Экологический менеджмент"
"earth";"2014";"бакалавриат";"2 Экономическая география"
"earth";"2013";"бакалавриат";"3 География"
"earth";"2013";"бакалавриат";"3 Геофизика"
"earth";"2013";"бакалавриат";"3 Геохимия"
"earth";"2013";"бакалавриат";"3 ГМПИ"
"earth";"2013";"бакалавриат";"3 Грунтоведение и инж.геология"
"earth";"2013";"бакалавриат";"3 Кристаллография"
"earth";"2013";"бакалавриат";"3 Нефтегазовое дело"
"earth";"2013";"бакалавриат";"3 Осадочная геология"
"earth";"2013";"бакалавриат";"3 Почвоведение (Биология почв и агрохимия)"
"earth";"2013";"бакалавриат";"3 Региональная геология"
"earth";"2013";"бакалавриат";"3 Экология и недропользование"
"earth";"2012";"бакалавриат";"4 Геофизика"
"earth";"2012";"бакалавриат";"4 Геохимия"
"earth";"2012";"бакалавриат";"4 ГМПИ"
"earth";"2012";"бакалавриат";"4 Грунтоведение и инж.геология"
"earth";"2012";"бакалавриат";"4 Кристаллография"
"earth";"2012";"бакалавриат";"4 Нефтегазовое дело"
"earth";"2012";"бакалавриат";"4 Почвоведение (Экология почв)"
"earth";"2012";"бакалавриат";"4 Экология и недропользование"
"earth";"2015";"бакалавриат";"7 (1 подгруппа) Геолого-гидрогеологическая"
"earth";"2015";"бакалавриат";"7 (2 подгруппа) Геолого-гидрогеологическая"
"earth";"2015";"бакалавриат";"8 (1 подгруппа) Геофизико-геохимическая"
"earth";"2015";"бакалавриат";"8 (2 подгруппа) Геофизико-геохимическая"
"earth";"2015";"бакалавриат";"Гидрометеорология"
"earth";"2015";"бакалавриат";"Картография и геоинформатика"
"earth";"2015";"бакалавриат";"Нефтегазовое дело"
"earth";"2015";"бакалавриат";"Почвоведение"
"earth";"2015";"бакалавриат";"Технология и организация туроператорских и турагентских услуг"
"earth";"2015";"бакалавриат";"Экология и природопользование"
"earth";"2012";"бакалавриат";"Геоэкология"
"earth";"2012";"бакалавриат";"Биогеография и география почв"
"earth";"2012";"бакалавриат";"География полярных стран"
"earth";"2012";"бакалавриат";"Геоинформатика"
"earth";"2012";"бакалавриат";"Геоморфология и палеогеография"
"earth";"2012";"бакалавриат";"Гидрология"
"earth";"2012";"бакалавриат";"Землеустройство и кадастры"
"earth";"2012";"бакалавриат";"Ландшафтное планирование"
"earth";"2012";"бакалавриат";"Метеорология и климатология"
"earth";"2012";"бакалавриат";"Океанология"
"earth";"2012";"бакалавриат";"Политическая география и геополитика"
"earth";"2012";"бакалавриат";"Природопользование"
"earth";"2012";"бакалавриат";"Региональная политика и территориальное планирование"
"earth";"2012";"бакалавриат";"Страноведение и международный туризм"
"earth";"2012";"бакалавриат";"Технология и организация туроператорских и турагентских услуг"
"earth";"2012";"бакалавриат";"Физическая и эволюционная география"
"earth";"2012";"бакалавриат";"Экологическая безопасность"
"earth";"2012";"бакалавриат";"Экономическая и социальная география"
"earth";"2013";"бакалавриат";"Биогеография и география почв"
"earth";"2013";"бакалавриат";"География полярных стран"
"earth";"2013";"бакалавриат";"Геоинформатика"
"earth";"2013";"бакалавриат";"Геоэкология"
"earth";"2013";"бакалавриат";"Гидрология"
"earth";"2013";"бакалавриат";"Ландшафтное планирование"
"earth";"2013";"бакалавриат";"Метеорология и климатология"
"earth";"2013";"бакалавриат";"Региональная политика и территориальное планирование"
"earth";"2013";"бакалавриат";"Страноведение и международный туризм"
"earth";"2013";"бакалавриат";"Технология и организация туроператорских и турагентских услуг"
"earth";"2013";"бакалавриат";"Экологическая безопасность"
"earth";"2013";"бакалавриат";"Экономическая и социальная география"
"earth";"2014";"бакалавриат";"Технология и организация туроператорских и турагентских услуг"
"earth";"2014";"магистратура";"Геоморфология"
"earth";"2014";"магистратура";"Геоэкологический мониторинг"
"earth";"2014";"магистратура";"Геоэкология (по географическим наукам)"
"earth";"2014";"магистратура";"Картография"
"earth";"2014";"магистратура";"Метеорология климатология агрометеорология"
"earth";"2014";"магистратура";"Политическая география и геополитика"
"earth";"2014";"магистратура";"Природопользование"
"earth";"2014";"магистратура";"Региональная политика в сфере туризма и рекреации"
"earth";"2014";"магистратура";"Системная региональная диагностика природной среды"
"earth";"2014";"магистратура";"Страноведение и международный туризм"
"earth";"2014";"магистратура";"Управление землепользованием"
"earth";"2014";"магистратура";"Физическая и эволюционная география"
"earth";"2014";"магистратура";"Экологическая безопасность"
"earth";"2014";"магистратура";"Экологический менеджмент"
"earth";"2014";"магистратура";"Экономическая и социальная география"
"journalism";"2011";"бакалавриат";"1 (журналистика)"
"journalism";"2011";"бакалавриат";"2 (журналистика)"
"journalism";"2011";"бакалавриат";"3 (журналистика)"
"journalism";"2011";"бакалавриат";"4 (журналистика)"
"journalism";"2012";"бакалавриат";"1 (журналистика)"
"journalism";"2012";"бакалавриат";"10 (журналистика)"
"journalism";"2012";"бакалавриат";"2 (журналистика)"
"journalism";"2012";"бакалавриат";"3 (журналистика)"
"journalism";"2012";"бакалавриат";"4 (журналистика)"
"journalism";"2012";"бакалавриат";"5 (журналистика)"
"journalism";"2012";"бакалавриат";"6 (журналистика)"
"journalism";"2012";"бакалавриат";"7 (журналистика)"
"journalism";"2012";"бакалавриат";"8 (журналистика)"
"journalism";"2012";"бакалавриат";"9 (журналистика)"
"journalism";"2013";"бакалавриат";"1 (журналистика)"
"journalism";"2013";"бакалавриат";"10 (журналистика)"
"journalism";"2013";"бакалавриат";"11 (журналистика)"
"journalism";"2013";"бакалавриат";"2 (журналистика)"
"journalism";"2013";"бакалавриат";"3 (журналистика)"
"journalism";"2013";"бакалавриат";"4 (журналистика)"
"journalism";"2013";"бакалавриат";"5 (журналистика)"
"journalism";"2013";"бакалавриат";"6 (журналистика)"
"journalism";"2013";"бакалавриат";"7 (журналистика)"
"journalism";"2013";"бакалавриат";"8 (журналистика)"
"journalism";"2013";"бакалавриат";"9 (журналистика)"
"journalism";"2014";"бакалавриат";"1 (журналистика)"
"journalism";"2014";"бакалавриат";"2 (журналистика)"
"journalism";"2014";"бакалавриат";"3 (журналистика)"
"journalism";"2014";"бакалавриат";"4 (журналистика)"
"journalism";"2014";"бакалавриат";"5 (журналистика)"
"journalism";"2014";"бакалавриат";"6 (журналистика)"
"journalism";"2015";"бакалавриат";"1 (журналистика)"
"journalism";"2015";"бакалавриат";"2 (журналистика)"
"journalism";"2015";"бакалавриат";"3 (журналистика)"
"journalism";"2015";"бакалавриат";"4 (журналистика)"
"journalism";"2015";"бакалавриат";"5 (журналистика)"
"journalism";"2014";"магистратура";"1 (журналистика)"
"journalism";"2014";"магистратура";"2-1 (журналистика)"
"journalism";"2014";"магистратура";"2-2 (журналистика)"
"journalism";"2014";"магистратура";"3 (журналистика)"
"journalism";"2014";"магистратура";"4 (журналистика)"
"journalism";"2014";"магистратура";"5 (журналистика)"
"journalism";"2014";"магистратура";"6 (журналистика)"
"journalism";"2014";"магистратура";"7 (журналистика)"
"journalism";"2015";"магистратура";"1 (журналистика)"
"journalism";"2015";"магистратура";"2 (журналистика)"
"journalism";"2015";"магистратура";"3 (журналистика)"
"journalism";"2015";"магистратура";"4 (журналистика)"
"journalism";"2015";"магистратура";"5 (журналистика)"
"journalism";"2015";"магистратура";"6 (журналистика)"
"journalism";"2015";"магистратура";"7 (журналистика)"
"journalism";"2011";"бакалавриат";"1 (прикладные коммуникации)"
"journalism";"2012";"бакалавриат";"1 (прикладные коммуникации)"
"journalism";"2012";"бакалавриат";"2 (прикладные коммуникации)"
"journalism";"2012";"бакалавриат";"3 (прикладные коммуникации)"
"journalism";"2013";"бакалавриат";"1 (прикладные коммуникации)"
"journalism";"2013";"бакалавриат";"2 (прикладные коммуникации)"
"journalism";"2013";"бакалавриат";"3 (прикладные коммуникации)"
"journalism";"2014";"бакалавриат";"1 (прикладные коммуникации)"
"journalism";"2014";"бакалавриат";"2 (прикладные коммуникации)"
"journalism";"2014";"бакалавриат";"3 (прикладные коммуникации)"
"journalism";"2015";"бакалавриат";"1 (прикладные коммуникации)"
"journalism";"2015";"бакалавриат";"2 (прикладные коммуникации)"
"journalism";"2014";"магистратура";"1 (прикладные коммуникации)"
"journalism";"2014";"магистратура";"2 (прикладные коммуникации)"
"journalism";"2015";"магистратура";"1 (прикладные коммуникации)"
"journalism";"2015";"магистратура";"2 (прикладные коммуникации)"
"arts";"2012";"бакалавриат";"41ВИ"
"arts";"2012";"бакалавриат";"41ГД"
"arts";"2012";"бакалавриат";"41ДПИ"
"arts";"2012";"бакалавриат";"41ДС"
"arts";"2012";"бакалавриат";"41МИ"
"arts";"2012";"бакалавриат";"41ПИ"
"arts";"2012";"бакалавриат";"41Р"
"arts";"2013";"бакалавриат";"31ВИ"
"arts";"2013";"бакалавриат";"31ГД"
"arts";"2013";"бакалавриат";"31ДПИ"
"arts";"2013";"бакалавриат";"31ДС"
"arts";"2013";"бакалавриат";"31МИ"
"arts";"2013";"бакалавриат";"31ПИ"
"arts";"2013";"бакалавриат";"31Р"
"arts";"2014";"бакалавриат";"21 ГД"
"arts";"2014";"бакалавриат";"21 ПИ"
"arts";"2014";"бакалавриат";"21ВИ"
"arts";"2014";"бакалавриат";"21ДПИ"
"arts";"2014";"бакалавриат";"21ДС"
"arts";"2014";"бакалавриат";"21МИ"
"arts";"2014";"бакалавриат";"21Р"
"arts";"2015";"бакалавриат";"11ВИ"
"arts";"2015";"бакалавриат";"11ГД"
"arts";"2015";"бакалавриат";"11ДПИ"
"arts";"2015";"бакалавриат";"11ДС"
"arts";"2015";"бакалавриат";"11МИ"
"arts";"2015";"бакалавриат";"11ПИ"
"arts";"2015";"бакалавриат";"11Р"
"arts";"2014";"магистратура";"21МГД"
"arts";"2014";"магистратура";"21МДС"
"arts";"2014";"магистратура";"21ММТ"
"arts";"2014";"магистратура";"21МР"
"arts";"2015";"магистратура";"11МГД"
"arts";"2015";"магистратура";"11МДС"
"arts";"2015";"магистратура";"11ММт"
"arts";"2015";"магистратура";"11МР"
"arts";"2010";"специалитет";"61К"
"arts";"2010";"специалитет";"61СЖ"
"arts";"2011";"специалитет";"51П"
"arts";"2011";"специалитет";"51СЖ"
"arts";"2012";"специалитет";"41АИ"
"arts";"2012";"специалитет";"41К"
"arts";"2012";"специалитет";"41СЖ"
"arts";"2012";"специалитет";"42АИ"
"arts";"2013";"специалитет";"31АИ"
"arts";"2013";"специалитет";"31П"
"arts";"2013";"специалитет";"31СЖ"
"arts";"2013";"специалитет";"32АИ"
"arts";"2014";"специалитет";"21АИ"
"arts";"2014";"специалитет";"21М"
"arts";"2014";"специалитет";"21СЖ"
"arts";"2014";"специалитет";"22АИ"
"arts";"2015";"специалитет";"11АИ"
"arts";"2015";"специалитет";"11К"
"arts";"2015";"специалитет";"11СЖ"
"arts";"2015";"специалитет";"12АИ"
"history";"2012";"бакалавриат";"Археология"
"history";"2012";"бакалавриат";"Ист.Культ"
"history";"2012";"бакалавриат";"Этнология"
"history";"2012";"бакалавриат";"ВсеобщИстория 1"
"history";"2012";"бакалавриат";"ВсеобщИстория 2"
"history";"2012";"бакалавриат";"ВсеобщИстория 3"
"history";"2012";"бакалавриат";"ОтечИстория 1"
"history";"2012";"бакалавриат";"ОтечИстория 2"
"history";"2012";"бакалавриат";"ОтечИстория 3"
"history";"2012";"бакалавриат";"История искусств"
"history";"2012";"бакалавриат";"Музеол. Ин-т Истории"
"history";"2012";"бакалавриат";"Туризм"
"history";"2013";"бакалавриат";"Археология"
"history";"2013";"бакалавриат";"История искусств"
"history";"2013";"бакалавриат";"История культуры"
"history";"2013";"бакалавриат";"Этнология"
"history";"2013";"бакалавриат";"ВсеобщИстория 1"
"history";"2013";"бакалавриат";"ВсеобщИстория 2"
"history";"2013";"бакалавриат";"ВсеобщИстория 3"
"history";"2013";"бакалавриат";"ОтечИстория 1"
"history";"2013";"бакалавриат";"ОтечИстория 2"
"history";"2013";"бакалавриат";"ОтечИстория 3"
"history";"2013";"бакалавриат";"Музеол. Ин-т Истории"
"history";"2013";"бакалавриат";"Туризм"
"history";"2014";"бакалавриат";"Археология"
"history";"2014";"бакалавриат";"Истор.Культуры"
"history";"2014";"бакалавриат";"Этнология"
"history";"2014";"бакалавриат";"ВсеобщИстория 1"
"history";"2014";"бакалавриат";"ВсеобщИстория 2"
"history";"2014";"бакалавриат";"ВсеобщИстория 3"
"history";"2014";"бакалавриат";"ОтечИстория 1"
"history";"2014";"бакалавриат";"ОтечИстория 2"
"history";"2014";"бакалавриат";"ОтечИстория 3"
"history";"2014";"бакалавриат";"История искусств"
"history";"2014";"бакалавриат";"Музеол. Ин-т Истории"
"history";"2014";"бакалавриат";"Туризм"
"history";"2015";"бакалавриат";"История 1"
"history";"2015";"бакалавриат";"История 2"
"history";"2015";"бакалавриат";"История 3"
"history";"2015";"бакалавриат";"История 4"
"history";"2015";"бакалавриат";"История 5"
"history";"2015";"бакалавриат";"История 6"
"history";"2015";"бакалавриат";"История 7"
"history";"2015";"бакалавриат";"История 8"
"history";"2015";"бакалавриат";"Иск"
"history";"2015";"бакалавриат";"Музеологи"
"history";"2015";"бакалавриат";"Туризм"
"history";"2014";"магистратура";"НИР"
"history";"2014";"магистратура";"Новисты"
"history";"2014";"магистратура";"Археология"
"history";"2014";"магистратура";"ИскЗап"
"history";"2014";"магистратура";"ИскРус"
"history";"2014";"магистратура";"История культуры"
"history";"2014";"магистратура";"Регионоведение"
"history";"2014";"магистратура";"Россия до ХХ"
"history";"2015";"магистратура";"Археология"
"history";"2015";"магистратура";"ИскЗап"
"history";"2015";"магистратура";"ИскРус"
"history";"2015";"магистратура";"История наций и национализма"
"history";"2015";"магистратура";"Музейное кураторство"
"history";"2015";"магистратура";"НИР"
"history";"2015";"магистратура";"Новисты"
"history";"2015";"магистратура";"Регионоведение"
"history";"2015";"магистратура";"Россия в войнах"
"history";"2015";"магистратура";"Россия до ХХ"
"history";"2015";"магистратура";"Теория и методология исследования культуры"
"mathematics";"2012";"бакалавриат";"422"
"mathematics";"2012";"бакалавриат";"423"
"mathematics";"2012";"бакалавриат";"424"
"mathematics";"2012";"бакалавриат";"451"
"mathematics";"2012";"бакалавриат";"461"
"mathematics";"2012";"бакалавриат";"471"
"mathematics";"2012";"бакалавриат";"421_вм"
"mathematics";"2012";"бакалавриат";"421_тк"
"mathematics";"2012";"бакалавриат";"441"
"mathematics";"2012";"бакалавриат";"442"
"mathematics";"2012";"бакалавриат";"443"
"mathematics";"2012";"бакалавриат";"444"
"mathematics";"2013";"бакалавриат";"321"
"mathematics";"2013";"бакалавриат";"322"
"mathematics";"2013";"бакалавриат";"323"
"mathematics";"2013";"бакалавриат";"324"
"mathematics";"2013";"бакалавриат";"343"
"mathematics";"2013";"бакалавриат";"344"
"mathematics";"2013";"бакалавриат";"351"
"mathematics";"2013";"бакалавриат";"361"
"mathematics";"2013";"бакалавриат";"371"
"mathematics";"2013";"бакалавриат";"341"
"mathematics";"2013";"бакалавриат";"342"
"mathematics";"2014";"бакалавриат";"221"
"mathematics";"2014";"бакалавриат";"222"
"mathematics";"2014";"бакалавриат";"223"
"mathematics";"2014";"бакалавриат";"224"
"mathematics";"2014";"бакалавриат";"241"
"mathematics";"2014";"бакалавриат";"242"
"mathematics";"2014";"бакалавриат";"243"
"mathematics";"2014";"бакалавриат";"244"
"mathematics";"2014";"бакалавриат";"251"
"mathematics";"2014";"бакалавриат";"261"
"mathematics";"2014";"бакалавриат";"271"
"mathematics";"2015";"бакалавриат";"121"
"mathematics";"2015";"бакалавриат";"122"
"mathematics";"2015";"бакалавриат";"123"
"mathematics";"2015";"бакалавриат";"124"
"mathematics";"2015";"бакалавриат";"141"
"mathematics";"2015";"бакалавриат";"142"
"mathematics";"2015";"бакалавриат";"143"
"mathematics";"2015";"бакалавриат";"144"
"mathematics";"2015";"бакалавриат";"151"
"mathematics";"2015";"бакалавриат";"171"
"mathematics";"2015";"бакалавриат";"101"
"mathematics";"2015";"бакалавриат";"102"
"mathematics";"2014";"магистратура";"646"
"mathematics";"2014";"магистратура";"661"
"mathematics";"2014";"магистратура";"651_гм"
"mathematics";"2014";"магистратура";"651_тм"
"mathematics";"2014";"магистратура";"651_ту"
"mathematics";"2014";"магистратура";"651_фм"
"mathematics";"2015";"магистратура";"501"
"mathematics";"2015";"магистратура";"546"
"mathematics";"2015";"магистратура";"551"
"mathematics";"2015";"магистратура";"561"
"mathematics";"2015";"магистратура";"571"
"mathematics";"2015";"магистратура";"521"
"mathematics";"2015";"магистратура";"522"
"mathematics";"2010";"специалитет";"6 курс (очно-заочная)"
"mathematics";"2011";"специалитет";"553"
"mathematics";"2011";"специалитет";"591_а"
"mathematics";"2011";"специалитет";"591_аф"
"mathematics";"2011";"специалитет";"591_нм"
"mathematics";"2012";"специалитет";"411"
"mathematics";"2012";"специалитет";"412"
"mathematics";"2012";"специалитет";"413"
"mathematics";"2012";"специалитет";"453"
"mathematics";"2012";"специалитет";"491"
"mathematics";"2012";"специалитет";"411_ма"
"mathematics";"2012";"специалитет";"412_мф"
"mathematics";"2013";"специалитет";"353"
"mathematics";"2013";"специалитет";"391"
"mathematics";"2013";"специалитет";"311"
"mathematics";"2013";"специалитет";"313"
"mathematics";"2014";"специалитет";"211"
"mathematics";"2014";"специалитет";"212"
"mathematics";"2014";"специалитет";"253"
"mathematics";"2014";"специалитет";"291"
"mathematics";"2015";"специалитет";"111"
"mathematics";"2015";"специалитет";"112"
"mathematics";"2015";"специалитет";"153"
"mathematics";"2015";"специалитет";"191"
"medicine";"2010";"специалитет";"601"
"medicine";"2010";"специалитет";"602"
"medicine";"2010";"специалитет";"603"
"medicine";"2010";"специалитет";"604"
"medicine";"2010";"специалитет";"605"
"medicine";"2010";"специалитет";"606"
"medicine";"2010";"специалитет";"607"
"medicine";"2010";"специалитет";"608"
"medicine";"2011";"специалитет";"501"
"medicine";"2011";"специалитет";"502"
"medicine";"2011";"специалитет";"503"
"medicine";"2011";"специалитет";"504"
"medicine";"2011";"специалитет";"505"
"medicine";"2011";"специалитет";"506"
"medicine";"2011";"специалитет";"507"
"medicine";"2011";"специалитет";"508"
"medicine";"2011";"специалитет";"509"
"medicine";"2011";"специалитет";"510"
"medicine";"2012";"специалитет";"401"
"medicine";"2012";"специалитет";"402"
"medicine";"2012";"специалитет";"403"
"medicine";"2012";"специалитет";"404"
"medicine";"2012";"специалитет";"405"
"medicine";"2012";"специалитет";"406"
"medicine";"2012";"специалитет";"407"
"medicine";"2012";"специалитет";"408"
"medicine";"2012";"специалитет";"409"
"medicine";"2012";"специалитет";"410"
"medicine";"2012";"специалитет";"411"
"medicine";"2012";"специалитет";"412"
"medicine";"2013";"специалитет";"301"
"medicine";"2013";"специалитет";"302"
"medicine";"2013";"специалитет";"303"
"medicine";"2013";"специалитет";"304"
"medicine";"2013";"специалитет";"305"
"medicine";"2013";"специалитет";"306"
"medicine";"2013";"специалитет";"307"
"medicine";"2013";"специалитет";"308"
"medicine";"2013";"специалитет";"309"
"medicine";"2013";"специалитет";"310"
"medicine";"2013";"специалитет";"311"
"medicine";"2013";"специалитет";"312"
"medicine";"2014";"специалитет";"201"
"medicine";"2014";"специалитет";"202"
"medicine";"2014";"специалитет";"203"
"medicine";"2014";"специалитет";"204"
"medicine";"2014";"специалитет";"205"
"medicine";"2014";"специалитет";"206"
"medicine";"2014";"специалитет";"207"
"medicine";"2014";"специалитет";"208"
"medicine";"2014";"специалитет";"209"
"medicine";"2014";"специалитет";"210"
"medicine";"2014";"специалитет";"211"
"medicine";"2014";"специалитет";"212"
"medicine";"2015";"специалитет";"101"
"medicine";"2015";"специалитет";"102"
"medicine";"2015";"специалитет";"103"
"medicine";"2015";"специалитет";"104"
"medicine";"2015";"специалитет";"105"
"medicine";"2015";"специалитет";"106"
"medicine";"2015";"специалитет";"107"
"medicine";"2015";"специалитет";"108"
"ir";"2012";"бакалавриат";"4б МО-01"
"ir";"2012";"бакалавриат";"4б МО-02"
"ir";"2012";"бакалавриат";"4б МО-03"
"ir";"2012";"бакалавриат";"4б МО-04"
"ir";"2012";"бакалавриат";"4б МО-05"
"ir";"2012";"бакалавриат";"4б МО-06"
"ir";"2012";"бакалавриат";"4б МО-07"
"ir";"2012";"бакалавриат";"4б МО-08"
"ir";"2012";"бакалавриат";"4б МО-09"
"ir";"2012";"бакалавриат";"4б МО-10"
"ir";"2013";"бакалавриат";"3б МО Б-01"
"ir";"2013";"бакалавриат";"3б МО Б-02"
"ir";"2013";"бакалавриат";"3б МО ДГС-01"
"ir";"2013";"бакалавриат";"3б МО ДГС-02"
"ir";"2013";"бакалавриат";"3б МО ДГС-03"
"ir";"2013";"бакалавриат";"3б МО ДГС-04"
"ir";"2013";"бакалавриат";"3б МО НО-01"
"ir";"2013";"бакалавриат";"3б МО НО-02"
"ir";"2013";"бакалавриат";"3б МО НО-03"
"ir";"2013";"бакалавриат";"3б МО НО-04"
"ir";"2014";"бакалавриат";"2б МО Азия"
"ir";"2014";"бакалавриат";"2б МО АИ"
"ir";"2014";"бакалавриат";"2б МО ЕИ-01"
"ir";"2014";"бакалавриат";"2б МО ЕИ-02"
"ir";"2014";"бакалавриат";"2б МО ЕИ-03"
"ir";"2014";"бакалавриат";"2б МО МП-01"
"ir";"2014";"бакалавриат";"2б МО МП-02"
"ir";"2014";"бакалавриат";"2б МО МП-03"
"ir";"2014";"бакалавриат";"2б МО МП-04"
"ir";"2015";"бакалавриат";"1б МО-01"
"ir";"2015";"бакалавриат";"1б МО-02"
"ir";"2015";"бакалавриат";"1б МО-03"
"ir";"2015";"бакалавриат";"1б МО-04"
"ir";"2015";"бакалавриат";"1б МО-05"
"ir";"2015";"бакалавриат";"1б МО-06"
"ir";"2015";"бакалавриат";"1б МО-07"
"ir";"2015";"бакалавриат";"1б МО-08"
"ir";"2015";"бакалавриат";"1б МО-09"
"ir";"2015";"бакалавриат";"1б МО-10"
"ir";"2014";"магистратура";"2 МАГ-PR"
"ir";"2014";"магистратура";"2 МАГ-АИ"
"ir";"2014";"магистратура";"2 МАГ-Д"
"ir";"2014";"магистратура";"2 МАГ-ЕИ"
"ir";"2014";"магистратура";"2 МАГ-ИБСС"
"ir";"2014";"магистратура";"2 МАГ-ИМО"
"ir";"2014";"магистратура";"2 МАГ-ИТР"
"ir";"2014";"магистратура";"2 МАГ-МГС"
"ir";"2014";"магистратура";"2 МАГ-МО(а)"
"ir";"2014";"магистратура";"2 МАГ-МОПП"
"ir";"2014";"магистратура";"2 МАГ-МП"
"ir";"2014";"магистратура";"2 МАГ-СТР"
"ir";"2014";"магистратура";"2 МАГ-ТМО"
"ir";"2014";"магистратура";"2 МАГ-ЭКОЛ"
"ir";"2015";"магистратура";"1 МАГ-PR"
"ir";"2015";"магистратура";"1 МАГ-АИ"
"ir";"2015";"магистратура";"1 МАГ-Д"
"ir";"2015";"магистратура";"1 МАГ-ЕИ"
"ir";"2015";"магистратура";"1 МАГ-ИБСС"
"ir";"2015";"магистратура";"1 МАГ-ИМО"
"ir";"2015";"магистратура";"1 МАГ-ИТР"
"ir";"2015";"магистратура";"1 МАГ-МГС"
"ir";"2015";"магистратура";"1 МАГ-МО(а)"
"ir";"2015";"магистратура";"1 МАГ-МОПП"
"ir";"2015";"магистратура";"1 МАГ-МП"
"ir";"2015";"магистратура";"1 МАГ-СТР"
"ir";"2015";"магистратура";"1 МАГ-ТМО"
"ir";"2015";"магистратура";"1 МАГ-ЭКОЛ"
"management";"2012";"бакалавриат";"4 - ГМУ"
"management";"2012";"бакалавриат";"4 - Логистика"
"management";"2012";"бакалавриат";"4 - Маркетинг"
"management";"2012";"бакалавриат";"4 - ММ"
"management";"2012";"бакалавриат";"4 - УЧР"
"management";"2012";"бакалавриат";"4 - ФМ"
"management";"2013";"бакалавриат";"3 - ГМУ"
"management";"2013";"бакалавриат";"3 - ИМ"
"management";"2013";"бакалавриат";"3 - Логистика"
"management";"2013";"бакалавриат";"3 - Маркетинг"
"management";"2013";"бакалавриат";"3 - ММ"
"management";"2013";"бакалавриат";"3 - УЧР"
"management";"2013";"бакалавриат";"3 - ФМ"
"management";"2014";"бакалавриат";"2 - ГМУ8"
"management";"2014";"бакалавриат";"2 - М1"
"management";"2014";"бакалавриат";"2 - М2"
"management";"2014";"бакалавриат";"2 - М3"
"management";"2014";"бакалавриат";"2 - М4"
"management";"2014";"бакалавриат";"2 - М5"
"management";"2014";"бакалавриат";"2 - М6"
"management";"2014";"бакалавриат";"2 - М7"
"management";"2015";"бакалавриат";"1 - ГМУ"
"management";"2015";"бакалавриат";"1 - М1"
"management";"2015";"бакалавриат";"1 - М2"
"management";"2015";"бакалавриат";"1 - М3"
"management";"2015";"бакалавриат";"1 - М4"
"management";"2015";"бакалавриат";"1 - М5"
"management";"2015";"бакалавриат";"1 - М6"
"management";"2015";"бакалавриат";"1 - М7"
"management";"2015";"бакалавриат";"1 - М8"
"management";"2015";"бакалавриат";"1 - ММ"
"management";"2014";"магистратура";"MCF 2014"
"management";"2014";"магистратура";"MIM 2016"
"management";"2015";"магистратура";"MCF2017"
"management";"2015";"магистратура";"MIM 2017"
"management";"2015";"магистратура";"MPM 2017"
"pmpu";"2012";"бакалавриат";"401_пм"
"pmpu";"2012";"бакалавриат";"402_пм"
"pmpu";"2012";"бакалавриат";"403_пм"
"pmpu";"2012";"бакалавриат";"404_пм"
"pmpu";"2012";"бакалавриат";"405_пм"
"pmpu";"2012";"бакалавриат";"406_пм"
"pmpu";"2012";"бакалавриат";"407_пм"
"pmpu";"2012";"бакалавриат";"408_пм"
"pmpu";"2012";"бакалавриат";"409_пм"
"pmpu";"2012";"бакалавриат";"410_пм"
"pmpu";"2012";"бакалавриат";"411_пм"
"pmpu";"2012";"бакалавриат";"431_ит"
"pmpu";"2012";"бакалавриат";"432_ит"
"pmpu";"2012";"бакалавриат";"433_ит"
"pmpu";"2012";"бакалавриат";"491_пф"
"pmpu";"2012";"бакалавриат";"492_пф"
"pmpu";"2013";"бакалавриат";"301_пм"
"pmpu";"2013";"бакалавриат";"302_пм"
"pmpu";"2013";"бакалавриат";"303_пм"
"pmpu";"2013";"бакалавриат";"304_пм"
"pmpu";"2013";"бакалавриат";"305_пм"
"pmpu";"2013";"бакалавриат";"306_пм"
"pmpu";"2013";"бакалавриат";"307_пм"
"pmpu";"2013";"бакалавриат";"308_пм"
"pmpu";"2013";"бакалавриат";"309_пм"
"pmpu";"2013";"бакалавриат";"310_пм"
"pmpu";"2013";"бакалавриат";"331_ит"
"pmpu";"2013";"бакалавриат";"332_ит"
"pmpu";"2013";"бакалавриат";"333_ит"
"pmpu";"2013";"бакалавриат";"391_пф"
"pmpu";"2013";"бакалавриат";"392_пф"
"pmpu";"2014";"бакалавриат";"201_пм"
"pmpu";"2014";"бакалавриат";"202_пм"
"pmpu";"2014";"бакалавриат";"203_пм"
"pmpu";"2014";"бакалавриат";"204_пм"
"pmpu";"2014";"бакалавриат";"205_пм"
"pmpu";"2014";"бакалавриат";"206_пм"
"pmpu";"2014";"бакалавриат";"207_пм"
"pmpu";"2014";"бакалавриат";"208_пм"
"pmpu";"2014";"бакалавриат";"209_пм"
"pmpu";"2014";"бакалавриат";"210_пм"
"pmpu";"2014";"бакалавриат";"211_пм"
"pmpu";"2014";"бакалавриат";"212_пм"
"pmpu";"2014";"бакалавриат";"231_ит"
"pmpu";"2014";"бакалавриат";"232_ит"
"pmpu";"2014";"бакалавриат";"233_ит"
"pmpu";"2014";"бакалавриат";"291_пф"
"pmpu";"2014";"бакалавриат";"292_пф"
"pmpu";"2015";"бакалавриат";"101_пм"
"pmpu";"2015";"бакалавриат";"102_пм"
"pmpu";"2015";"бакалавриат";"103_пм"
"pmpu";"2015";"бакалавриат";"104_пм"
"pmpu";"2015";"бакалавриат";"105_пм"
"pmpu";"2015";"бакалавриат";"106_пм"
"pmpu";"2015";"бакалавриат";"107_пм"
"pmpu";"2015";"бакалавриат";"108_пм"
"pmpu";"2015";"бакалавриат";"109_пм"
"pmpu";"2015";"бакалавриат";"110_пм"
"pmpu";"2015";"бакалавриат";"131_ит"
"pmpu";"2015";"бакалавриат";"132_ит"
"pmpu";"2015";"бакалавриат";"133_ит"
"pmpu";"2015";"бакалавриат";"191_пф"
"pmpu";"2015";"бакалавриат";"192_пф"
"pmpu";"2014";"магистратура";"6_3_1"
"pmpu";"2014";"магистратура";"6_3_2"
"pmpu";"2014";"магистратура";"6_3_3"
"pmpu";"2014";"магистратура";"6_4_1"
"pmpu";"2014";"магистратура";"6_4_2"
"pmpu";"2014";"магистратура";"6_4_3"
"pmpu";"2014";"магистратура";"6_9_1"
"pmpu";"2014";"магистратура";"6_9_2"
"pmpu";"2015";"магистратура";"5_3_1"
"pmpu";"2015";"магистратура";"5_3_2"
"pmpu";"2015";"магистратура";"5_3_3"
"pmpu";"2015";"магистратура";"5_4_1"
"pmpu";"2015";"магистратура";"5_4_2"
"pmpu";"2015";"магистратура";"5_4_3"
"pmpu";"2015";"магистратура";"5_4_4"
"pmpu";"2015";"магистратура";"5_4_5"
"pmpu";"2015";"магистратура";"5_4_6"
"pmpu";"2015";"магистратура";"5_4_7"
"pmpu";"2015";"магистратура";"5_9_1"
"pmpu";"2015";"магистратура";"5_9_2"
"pmpu";"2010";"специалитет";"6_ВК"
"political";"2012";"бакалавриат";"4 - Мировая политика и международные отношения"
"political";"2012";"бакалавриат";"4 - Политическое управление"
"political";"2012";"бакалавриат";"4 - Прикладная политология"
"political";"2012";"бакалавриат";"4 - Российская политика"
"political";"2012";"бакалавриат";"4 - Сравнительная политология"
"political";"2012";"бакалавриат";"4 - Теория политики"
"political";"2012";"бакалавриат";"4-1"
"political";"2012";"бакалавриат";"4-2"
"political";"2012";"бакалавриат";"4-3"
"political";"2012";"бакалавриат";"4-4"
"political";"2013";"бакалавриат";"3 - Мировая политика и международные отношения"
"political";"2013";"бакалавриат";"3 - Политическое управление"
"political";"2013";"бакалавриат";"3 - Прикладная политология"
"political";"2013";"бакалавриат";"3 - Российская политика"
"political";"2013";"бакалавриат";"3 - Сравнительная политология"
"political";"2013";"бакалавриат";"3 - Теория политики"
"political";"2013";"бакалавриат";"3-1"
"political";"2013";"бакалавриат";"3-2"
"political";"2013";"бакалавриат";"3-3"
"political";"2013";"бакалавриат";"3-4"
"political";"2014";"бакалавриат";"2-1"
"political";"2014";"бакалавриат";"2-2"
"political";"2014";"бакалавриат";"2-3"
"political";"2014";"бакалавриат";"2-4"
"political";"2015";"бакалавриат";"1-1"
"political";"2015";"бакалавриат";"1-2"
"political";"2015";"бакалавриат";"1-3"
"political";"2015";"бакалавриат";"1-4"
"political";"2014";"магистратура";"2М - Организация отношений с органами государственной власти"
"political";"2014";"магистратура";"2М - Политические коммуникации и технологии гражданского образования"
"political";"2014";"магистратура";"2М - Политический процесс в России"
"political";"2014";"магистратура";"2М - Политическое управление и публичная политика (на английском языке)"
"political";"2014";"магистратура";"2М - Прикладная политология"
"political";"2014";"магистратура";"2М - Теория мирового политического процесса и международных отношений"
"political";"2015";"магистратура";"1М -  Политический процесс в России"
"political";"2015";"магистратура";"1М - Организация отношений с органами государственной власти"
"political";"2015";"магистратура";"1М - Политические коммуникации и технологии гражданского образования"
"political";"2015";"магистратура";"1М - Политическое управление и публичная политика (на английском языке)"
"political";"2015";"магистратура";"1М - Прикладная политология"
"political";"2015";"магистратура";"1М - Этнополитические процессы в современной России и мире"
"psychology";"2012";"бакалавриат";"44б"
"psychology";"2012";"бакалавриат";"45б"
"psychology";"2012";"бакалавриат";"46б"
"psychology";"2013";"бакалавриат";"34б"
"psychology";"2013";"бакалавриат";"35б"
"psychology";"2013";"бакалавриат";"36б"
"psychology";"2014";"бакалавриат";"24б"
"psychology";"2014";"бакалавриат";"25б"
"psychology";"2014";"бакалавриат";"26б"
"psychology";"2015";"бакалавриат";"14б"
"psychology";"2015";"бакалавриат";"15б"
"psychology";"2015";"бакалавриат";"16б"
"psychology";"2014";"магистратура";"Консультативная психология"
"psychology";"2014";"магистратура";"Общая психология"
"psychology";"2014";"магистратура";"Онтопсихология"
"psychology";"2014";"магистратура";"Организационная психология"
"psychology";"2014";"магистратура";"Политическая психология"
"psychology";"2014";"магистратура";"Психическое здоровье детей"
"psychology";"2014";"магистратура";"Психология личности"
"psychology";"2014";"магистратура";"Психология менеджмента"
"psychology";"2014";"магистратура";"Психология развития"
"psychology";"2014";"магистратура";"Психология специального образования"
"psychology";"2014";"магистратура";"Социальная психология"
"psychology";"2015";"магистратура";"Консультативная психология"
"psychology";"2015";"магистратура";"Общая психология"
"psychology";"2015";"магистратура";"Онтопсихология"
"psychology";"2015";"магистратура";"Организационная психология"
"psychology";"2015";"магистратура";"Политическая психология"
"psychology";"2015";"магистратура";"Психическое здоровье детей"
"psychology";"2015";"магистратура";"Психология личности"
"psychology";"2015";"магистратура";"Психология менеджмента"
"psychology";"2015";"магистратура";"Психология образования"
"psychology";"2015";"магистратура";"Психология развития"
"psychology";"2015";"магистратура";"Психология специального образования"
"psychology";"2015";"магистратура";"Социальная психология"
"psychology";"2010";"специалитет";"6конс"
"psychology";"2010";"специалитет";"6криз"
"psychology";"2010";"специалитет";"6млад"
"psychology";"2011";"специалитет";"51конс"
"psychology";"2011";"специалитет";"52криз"
"psychology";"2011";"специалитет";"52млад"
"psychology";"2011";"специалитет";"53пов"
"psychology";"2011";"специалитет";"53спорт"
"psychology";"2011";"специалитет";"53суд"
"psychology";"2011";"специалитет";"5КлинПД"
"psychology";"2011";"специалитет";"5КлинЭС"
"psychology";"2012";"специалитет";"41конс"
"psychology";"2012";"специалитет";"42криз"
"psychology";"2012";"специалитет";"42млад"
"psychology";"2012";"специалитет";"43пов"
"psychology";"2012";"специалитет";"43спорт"
"psychology";"2012";"специалитет";"43суд"
"psychology";"2012";"специалитет";"4КлинПД"
"psychology";"2012";"специалитет";"4КлинЭС"
"psychology";"2013";"специалитет";"31конс"
"psychology";"2013";"специалитет";"32криз"
"psychology";"2013";"специалитет";"32млад"
"psychology";"2013";"специалитет";"33пов"
"psychology";"2013";"специалитет";"33спотр"
"psychology";"2013";"специалитет";"33суд"
"psychology";"2014";"специалитет";"21к"
"psychology";"2014";"специалитет";"22к"
"psychology";"2014";"специалитет";"23к"
"psychology";"2015";"специалитет";"11к"
"psychology";"2015";"специалитет";"12к"
"psychology";"2015";"специалитет";"13к"
"psychology";"2015";"специалитет";"17с"
"dentistry";"2011";"специалитет";"521"
"dentistry";"2011";"специалитет";"522"
"dentistry";"2011";"специалитет";"523"
"dentistry";"2011";"специалитет";"524"
"dentistry";"2012";"специалитет";"421"
"dentistry";"2012";"специалитет";"422"
"dentistry";"2012";"специалитет";"423"
"dentistry";"2012";"специалитет";"424"
"dentistry";"2012";"специалитет";"425"
"dentistry";"2012";"специалитет";"426"
"dentistry";"2013";"специалитет";"321"
"dentistry";"2013";"специалитет";"322"
"dentistry";"2013";"специалитет";"323"
"dentistry";"2013";"специалитет";"324"
"dentistry";"2013";"специалитет";"325"
"dentistry";"2013";"специалитет";"326"
"dentistry";"2013";"специалитет";"327"
"dentistry";"2013";"специалитет";"328"
"dentistry";"2014";"специалитет";"221"
"dentistry";"2014";"специалитет";"222"
"dentistry";"2014";"специалитет";"223"
"dentistry";"2014";"специалитет";"224"
"dentistry";"2014";"специалитет";"225"
"dentistry";"2014";"специалитет";"226"
"dentistry";"2014";"специалитет";"227"
"dentistry";"2014";"специалитет";"228"
"dentistry";"2015";"специалитет";"121"
"dentistry";"2015";"специалитет";"122"
"dentistry";"2015";"специалитет";"123"
"dentistry";"2015";"специалитет";"124"
"physics";"2012";"бакалавриат";"401"
"physics";"2012";"бакалавриат";"402"
"physics";"2012";"бакалавриат";"403"
"physics";"2012";"бакалавриат";"404"
"physics";"2012";"бакалавриат";"406"
"physics";"2012";"бакалавриат";"407"
"physics";"2012";"бакалавриат";"408"
"physics";"2012";"бакалавриат";"409"
"physics";"2012";"бакалавриат";"410"
"physics";"2012";"бакалавриат";"411"
"physics";"2012";"бакалавриат";"412"
"physics";"2012";"бакалавриат";"413"
"physics";"2012";"бакалавриат";"414"
"physics";"2012";"бакалавриат";"415"
"physics";"2012";"бакалавриат";"416"
"physics";"2012";"бакалавриат";"417"
"physics";"2012";"бакалавриат";"418"
"physics";"2012";"бакалавриат";"419"
"physics";"2012";"бакалавриат";"420"
"physics";"2012";"бакалавриат";"423"
"physics";"2012";"бакалавриат";"425"
"physics";"2012";"бакалавриат";"426"
"physics";"2012";"бакалавриат";"427"
"physics";"2013";"бакалавриат";"301"
"physics";"2013";"бакалавриат";"302"
"physics";"2013";"бакалавриат";"303"
"physics";"2013";"бакалавриат";"304"
"physics";"2013";"бакалавриат";"305"
"physics";"2013";"бакалавриат";"306"
"physics";"2013";"бакалавриат";"307"
"physics";"2013";"бакалавриат";"308"
"physics";"2013";"бакалавриат";"309"
"physics";"2013";"бакалавриат";"310"
"physics";"2013";"бакалавриат";"311"
"physics";"2013";"бакалавриат";"312"
"physics";"2013";"бакалавриат";"313"
"physics";"2013";"бакалавриат";"314"
"physics";"2013";"бакалавриат";"315"
"physics";"2013";"бакалавриат";"316"
"physics";"2013";"бакалавриат";"317"
"physics";"2013";"бакалавриат";"318"
"physics";"2013";"бакалавриат";"319"
"physics";"2013";"бакалавриат";"320"
"physics";"2013";"бакалавриат";"321"
"physics";"2013";"бакалавриат";"322"
"physics";"2013";"бакалавриат";"323"
"physics";"2013";"бакалавриат";"324"
"physics";"2013";"бакалавриат";"325"
"physics";"2014";"бакалавриат";"201"
"physics";"2014";"бакалавриат";"202"
"physics";"2014";"бакалавриат";"203"
"physics";"2014";"бакалавриат";"204"
"physics";"2014";"бакалавриат";"205"
"physics";"2014";"бакалавриат";"206"
"physics";"2014";"бакалавриат";"207"
"physics";"2014";"бакалавриат";"208"
"physics";"2014";"бакалавриат";"211"
"physics";"2014";"бакалавриат";"212"
"physics";"2014";"бакалавриат";"213"
"physics";"2014";"бакалавриат";"214"
"physics";"2014";"бакалавриат";"215"
"physics";"2015";"бакалавриат";"101"
"physics";"2015";"бакалавриат";"102"
"physics";"2015";"бакалавриат";"103"
"physics";"2015";"бакалавриат";"104"
"physics";"2015";"бакалавриат";"105"
"physics";"2015";"бакалавриат";"106"
"physics";"2015";"бакалавриат";"107"
"physics";"2015";"бакалавриат";"108"
"physics";"2015";"бакалавриат";"109"
"physics";"2015";"бакалавриат";"110"
"physics";"2014";"магистратура";"601Ф"
"physics";"2014";"магистратура";"606Ф"
"physics";"2014";"магистратура";"607Ф-В"
"physics";"2014";"магистратура";"607Ф-М"
"physics";"2014";"магистратура";"609Ф"
"physics";"2014";"магистратура";"613ПМФ"
"physics";"2014";"магистратура";"616ПМФ"
"physics";"2014";"магистратура";"617ПМФ-Выч"
"physics";"2014";"магистратура";"617ПМФ-КМЯ"
"physics";"2014";"магистратура";"625Ф"
"physics";"2014";"магистратура";"626Ф"
"physics";"2014";"магистратура";"627Ф-ВЭ"
"physics";"2014";"магистратура";"627Ф-КМ"
"physics";"2014";"магистратура";"627Ф-Стат"
"physics";"2014";"магистратура";"628Ф"
"physics";"2014";"магистратура";"631Ф"
"physics";"2014";"магистратура";"632Ф"
"physics";"2014";"магистратура";"632Ф-ТТ"
"physics";"2014";"магистратура";"634Ф"
"physics";"2015";"магистратура";"507Ф"
"physics";"2015";"магистратура";"509Ф"
"physics";"2015";"магистратура";"513ПМФ"
"physics";"2015";"магистратура";"518ПМФ"
"physics";"2015";"магистратура";"523Ф"
"physics";"2015";"магистратура";"525Ф"
"physics";"2015";"магистратура";"526Ф"
"physics";"2015";"магистратура";"527Ф"
"physics";"2015";"магистратура";"528Ф"
"physics";"2015";"магистратура";"531Ф"
"physics";"2015";"магистратура";"532Ф"
"physics";"2015";"магистратура";"533Ф"
"physics";"2015";"магистратура";"534Ф"
"philology";"2012";"бакалавриат";"41а"
"philology";"2012";"бакалавриат";"41а-ИНО"
"philology";"2012";"бакалавриат";"41алб"
"philology";"2012";"бакалавриат";"41б"
"philology";"2012";"бакалавриат";"41бо"
"philology";"2012";"бакалавриат";"41боа"
"philology";"2012";"бакалавриат";"41да"
"philology";"2012";"бакалавриат";"41злф"
"philology";"2012";"бакалавриат";"41ис"
"philology";"2012";"бакалавриат";"41исп"
"philology";"2012";"бакалавриат";"41ит"
"philology";"2012";"бакалавриат";"41кл"
"philology";"2012";"бакалавриат";"41лг"
"philology";"2012";"бакалавриат";"41ли"
"philology";"2012";"бакалавриат";"41мк"
"philology";"2012";"бакалавриат";"41но"
"philology";"2012";"бакалавриат";"41нп"
"philology";"2012";"бакалавриат";"41по"
"philology";"2012";"бакалавриат";"41р"
"philology";"2012";"бакалавриат";"41рки"
"philology";"2012";"бакалавриат";"41рки- ИНО"
"philology";"2012";"бакалавриат";"41тя"
"philology";"2012";"бакалавриат";"41фи"
"philology";"2012";"бакалавриат";"41фн"
"philology";"2012";"бакалавриат";"41фп"
"philology";"2012";"бакалавриат";"41фр"
"philology";"2012";"бакалавриат";"41ча"
"philology";"2012";"бакалавриат";"41яа"
"philology";"2012";"бакалавриат";"42а"
"philology";"2012";"бакалавриат";"42ит"
"philology";"2012";"бакалавриат";"42лг"
"philology";"2012";"бакалавриат";"42мк"
"philology";"2012";"бакалавриат";"42р"
"philology";"2012";"бакалавриат";"42рки- ИНО"
"philology";"2012";"бакалавриат";"43а"
"philology";"2012";"бакалавриат";"43мк"
"philology";"2012";"бакалавриат";"43н"
"philology";"2012";"бакалавриат";"43р"
"philology";"2012";"бакалавриат";"44р"
"philology";"2012";"бакалавриат";"45р"
"philology";"2012";"бакалавриат";"47а"
"philology";"2012";"бакалавриат";"48а"
"philology";"2012";"бакалавриат";"49а"
"philology";"2013";"бакалавриат";"31а"
"philology";"2013";"бакалавриат";"31а-ИНО"
"philology";"2013";"бакалавриат";"31б"
"philology";"2013";"бакалавриат";"31ве"
"philology";"2013";"бакалавриат";"31ис"
"philology";"2013";"бакалавриат";"31исп"
"philology";"2013";"бакалавриат";"31ит"
"philology";"2013";"бакалавриат";"31кл"
"philology";"2013";"бакалавриат";"31лат"
"philology";"2013";"бакалавриат";"31лг"
"philology";"2013";"бакалавриат";"31мк"
"philology";"2013";"бакалавриат";"31н"
"philology";"2013";"бакалавриат";"31нг"
"philology";"2013";"бакалавриат";"31ни"
"philology";"2013";"бакалавриат";"31нп"
"philology";"2013";"бакалавриат";"31р"
"philology";"2013";"бакалавриат";"31рки"
"philology";"2013";"бакалавриат";"31рки- ИНО"
"philology";"2013";"бакалавриат";"31рум"
"philology";"2013";"бакалавриат";"31сба"
"philology";"2013";"бакалавриат";"31тя"
"philology";"2013";"бакалавриат";"31фн"
"philology";"2013";"бакалавриат";"31фп"
"philology";"2013";"бакалавриат";"31фр"
"philology";"2013";"бакалавриат";"31шв"
"philology";"2013";"бакалавриат";"31ян"
"philology";"2013";"бакалавриат";"32а"
"philology";"2013";"бакалавриат";"32ит"
"philology";"2013";"бакалавриат";"32мк"
"philology";"2013";"бакалавриат";"32р"
"philology";"2013";"бакалавриат";"33а"
"philology";"2013";"бакалавриат";"33н"
"philology";"2013";"бакалавриат";"33р"
"philology";"2013";"бакалавриат";"34р"
"philology";"2013";"бакалавриат";"35р"
"philology";"2013";"бакалавриат";"37а"
"philology";"2013";"бакалавриат";"38а"
"philology";"2013";"бакалавриат";"3ВВ1"
"philology";"2013";"бакалавриат";"3ВВ2"
"philology";"2014";"бакалавриат";"21а"
"philology";"2014";"бакалавриат";"21а -ИНО"
"philology";"2014";"бакалавриат";"21ал"
"philology";"2014";"бакалавриат";"21б"
"philology";"2014";"бакалавриат";"21да"
"philology";"2014";"бакалавриат";"21зли"
"philology";"2014";"бакалавриат";"21ис"
"philology";"2014";"бакалавриат";"21исп"
"philology";"2014";"бакалавриат";"21ит"
"philology";"2014";"бакалавриат";"21кл"
"philology";"2014";"бакалавриат";"21лг"
"philology";"2014";"бакалавриат";"21ли"
"philology";"2014";"бакалавриат";"21мк"
"philology";"2014";"бакалавриат";"21ни"
"philology";"2014";"бакалавриат";"21нп"
"philology";"2014";"бакалавриат";"21пр"
"philology";"2014";"бакалавриат";"21р"
"philology";"2014";"бакалавриат";"21РКИ"
"philology";"2014";"бакалавриат";"21рки- ИНО"
"philology";"2014";"бакалавриат";"21тя"
"philology";"2014";"бакалавриат";"21ун"
"philology";"2014";"бакалавриат";"21фин"
"philology";"2014";"бакалавриат";"21фн"
"philology";"2014";"бакалавриат";"21фп"
"philology";"2014";"бакалавриат";"21яа"
"philology";"2014";"бакалавриат";"22а"
"philology";"2014";"бакалавриат";"22а-ИНО"
"philology";"2014";"бакалавриат";"22лг"
"philology";"2014";"бакалавриат";"22мк"
"philology";"2014";"бакалавриат";"22р"
"philology";"2014";"бакалавриат";"22рки- ИНО"
"philology";"2014";"бакалавриат";"22тя"
"philology";"2014";"бакалавриат";"23а"
"philology";"2014";"бакалавриат";"23н"
"philology";"2014";"бакалавриат";"23р"
"philology";"2014";"бакалавриат";"23рки- ИНО"
"philology";"2014";"бакалавриат";"24а"
"philology";"2014";"бакалавриат";"24р"
"philology";"2014";"бакалавриат";"25а"
"philology";"2014";"бакалавриат";"27а"
"philology";"2014";"бакалавриат";"28а"
"philology";"2014";"бакалавриат";"2ВВ1"
"philology";"2014";"бакалавриат";"2ВВ2"
"philology";"2014";"бакалавриат";"2ВВ3"
"philology";"2014";"бакалавриат";"2ВВ4"
"philology";"2015";"бакалавриат";"11а"
"philology";"2015";"бакалавриат";"11а-ИНО"
"philology";"2015";"бакалавриат";"11зла"
"philology";"2015";"бакалавриат";"11ис"
"philology";"2015";"бакалавриат";"11ит"
"philology";"2015";"бакалавриат";"11кл"
"philology";"2015";"бакалавриат";"11лат"
"philology";"2015";"бакалавриат";"11лг"
"philology";"2015";"бакалавриат";"11мк"
"philology";"2015";"бакалавриат";"11н"
"philology";"2015";"бакалавриат";"11нг"
"philology";"2015";"бакалавриат";"11но"
"philology";"2015";"бакалавриат";"11нп"
"philology";"2015";"бакалавриат";"11р"
"philology";"2015";"бакалавриат";"11рки"
"philology";"2015";"бакалавриат";"11рки- ИНО"
"philology";"2015";"бакалавриат";"11тя"
"philology";"2015";"бакалавриат";"11фн"
"philology";"2015";"бакалавриат";"11фп"
"philology";"2015";"бакалавриат";"11фр"
"philology";"2015";"бакалавриат";"11чеш"
"philology";"2015";"бакалавриат";"11шв"
"philology";"2015";"бакалавриат";"11эст"
"philology";"2015";"бакалавриат";"11ян"
"philology";"2015";"бакалавриат";"12а"
"philology";"2015";"бакалавриат";"12а- ИНО"
"philology";"2015";"бакалавриат";"12ис"
"philology";"2015";"бакалавриат";"12лг"
"philology";"2015";"бакалавриат";"12мк"
"philology";"2015";"бакалавриат";"12р"
"philology";"2015";"бакалавриат";"12рки- ИНО"
"philology";"2015";"бакалавриат";"12тя"
"philology";"2015";"бакалавриат";"13а"
"philology";"2015";"бакалавриат";"13н"
"philology";"2015";"бакалавриат";"13р"
"philology";"2015";"бакалавриат";"14а"
"philology";"2015";"бакалавриат";"14р"
"philology";"2015";"бакалавриат";"15а"
"philology";"2015";"бакалавриат";"17а"
"philology";"2015";"бакалавриат";"18а"
"philology";"2015";"бакалавриат";"1ВВ1"
"philology";"2015";"бакалавриат";"1ВВ2"
"philology";"2015";"бакалавриат";"1ВВ3"
"philology";"2015";"бакалавриат";"1ВВ4"
"philology";"2014";"магистратура";"21МлДискурсАнгл"
"philology";"2014";"магистратура";"21МлРКИ"
"philology";"2014";"магистратура";"21МлТПМЯКангл"
"philology";"2014";"магистратура";"22МлТПМЯКангл"
"philology";"2014";"магистратура";"23МлТПМЯКангл"
"philology";"2014";"магистратура";"2МлИнновИсп"
"philology";"2014";"магистратура";"2МлИнновИт"
"philology";"2014";"магистратура";"2МлИнновФр"
"philology";"2014";"магистратура";"2МлИнЯзПрофКомНорв"
"philology";"2014";"магистратура";"2МлИнЯзПрофКомШв"
"philology";"2014";"магистратура";"2МлКомпЛингв"
"philology";"2014";"магистратура";"2МлЛингвокульт"
"philology";"2014";"магистратура";"2МлМалЯз"
"philology";"2014";"магистратура";"2МлМентЛингв"
"philology";"2014";"магистратура";"2МлМККнем"
"philology";"2014";"магистратура";"2МлНемВербКомм"
"philology";"2014";"магистратура";"2МлПолевЛингв"
"philology";"2014";"магистратура";"2МлПсих"
"philology";"2014";"магистратура";"2МлРечТех"
"philology";"2014";"магистратура";"2МлРомЯзИсп"
"philology";"2014";"магистратура";"2МлРомЯзИтал"
"philology";"2014";"магистратура";"2МлРомЯзПорт"
"philology";"2014";"магистратура";"2МлРомЯзРум"
"philology";"2014";"магистратура";"2МлРомЯзФр"
"philology";"2014";"магистратура";"2МлРусСинхДиах"
"philology";"2014";"магистратура";"2МлСкандНид"
"philology";"2014";"магистратура";"2МлСкандШв"
"philology";"2014";"магистратура";"2МлСоврТехнЯзВозд"
"philology";"2014";"магистратура";"2МлСоц"
"philology";"2014";"магистратура";"2МлТеорОбучИнЯз"
"philology";"2014";"магистратура";"2МлТПМЯКнем"
"philology";"2014";"магистратура";"2МлТяСравнПоэт"
"philology";"2014";"магистратура";"2МлЮрИнновангл"
"philology";"2014";"магистратура";"2МлЯзБибл"
"philology";"2014";"магистратура";"2Мф   АЛЗК"
"philology";"2014";"магистратура";"2МфВизан"
"philology";"2014";"магистратура";"2МфЗарЛит"
"philology";"2014";"магистратура";"2МфИКВеликобрит"
"philology";"2014";"магистратура";"2МфИКГерм"
"philology";"2014";"магистратура";"2МфИКСША"
"philology";"2014";"магистратура";"2МфКласс"
"philology";"2014";"магистратура";"2МфНеол"
"philology";"2014";"магистратура";"2МфОбрМенедж"
"philology";"2014";"магистратура";"2МфРедКрит"
"philology";"2014";"магистратура";"2МфРусЛит"
"philology";"2014";"магистратура";"2МфСлавГермКом"
"philology";"2014";"магистратура";"2МфСлавФил"
"philology";"2014";"магистратура";"2МфСлавЯз"
"philology";"2014";"магистратура";"2МфСравнЛит"
"philology";"2014";"магистратура";"2МфТеорЛит"
"philology";"2014";"магистратура";"2МфФольк"
"philology";"2015";"магистратура";"1МлБалтЯз"
"philology";"2015";"магистратура";"1МлДикурсАнглЯз"
"philology";"2015";"магистратура";"1МлИндоевроп"
"philology";"2015";"магистратура";"1МлИнновИсп"
"philology";"2015";"магистратура";"1МлИнновИт"
"philology";"2015";"магистратура";"1МлИнновФр"
"philology";"2015";"магистратура";"1МлИнновЮрПер"
"philology";"2015";"магистратура";"1МлИнЯзПрофКомДатсЯз"
"philology";"2015";"магистратура";"1МлИнЯзПрофКомФрЯз"
"philology";"2015";"магистратура";"1МлКомпЛингв"
"philology";"2015";"магистратура";"1МлЛингвокультВелСША"
"philology";"2015";"магистратура";"1МлМентЛингв"
"philology";"2015";"магистратура";"1МлМККИнЯз"
"philology";"2015";"магистратура";"1МлМККнем"
"philology";"2015";"магистратура";"1МлНемВербКомм"
"philology";"2015";"магистратура";"1МлПолевЛингв"
"philology";"2015";"магистратура";"1МлПроблСкандНорвЯз"
"philology";"2015";"магистратура";"1МлПроблСкандШведЯз"
"philology";"2015";"магистратура";"1МлПрофКомНемЯз"
"philology";"2015";"магистратура";"1МлПрофКомНидерЯз"
"philology";"2015";"магистратура";"1МлПсих"
"philology";"2015";"магистратура";"1МлРКИ"
"philology";"2015";"магистратура";"1МлРКИ-ИНО-2"
"philology";"2015";"магистратура";"1МлРКИ-ИНО-3"
"philology";"2015";"магистратура";"1МлРКИ-ИНО-4"
"philology";"2015";"магистратура";"1МлРомЯзИсп"
"philology";"2015";"магистратура";"1МлРомЯзИт"
"philology";"2015";"магистратура";"1МлРомЯзПорт"
"philology";"2015";"магистратура";"1МлРомЯзФр"
"philology";"2015";"магистратура";"1МлРусСинхДиах"
"philology";"2015";"магистратура";"1МлСоврТехнЯзВозд"
"philology";"2015";"магистратура";"1МлСоц"
"philology";"2015";"магистратура";"1МлТПМЯК англ.-2"
"philology";"2015";"магистратура";"1МлТПМЯК англ.-3"
"philology";"2015";"магистратура";"1МлТПМЯКангл.-1"
"philology";"2015";"магистратура";"1МлТПМЯКнем"
"philology";"2015";"магистратура";"1МлТЯСравнПоэт"
"philology";"2015";"магистратура";"1МлЭстЯз"
"philology";"2015";"магистратура";"1МлЮрЛингв"
"philology";"2015";"магистратура";"1МлЯзБибл"
"philology";"2015";"магистратура";"1МфАЛЗК"
"philology";"2015";"магистратура";"1МфВизан"
"philology";"2015";"магистратура";"1МфИК США"
"philology";"2015";"магистратура";"1МфИкВБрит"
"philology";"2015";"магистратура";"1МфИКГерм"
"philology";"2015";"магистратура";"1МфИкИсп"
"philology";"2015";"магистратура";"1МфИКФранц"
"philology";"2015";"магистратура";"1МфКласс"
"philology";"2015";"магистратура";"1МфЛНЗС"
"philology";"2015";"магистратура";"1МфНеоэл"
"philology";"2015";"магистратура";"1МфОбрМенедж"
"philology";"2015";"магистратура";"1МфРедКрит"
"philology";"2015";"магистратура";"1МфРусЛит"
"philology";"2015";"магистратура";"1МфРусЛит- ИНО"
"philology";"2015";"магистратура";"1МфСлавГермКомп"
"philology";"2015";"магистратура";"1МфСлавФил"
"philology";"2015";"магистратура";"1МфСлавЯз"
"philology";"2015";"магистратура";"1МфСравнЛит"
"philology";"2015";"магистратура";"1МФСУ"
"philology";"2015";"магистратура";"1МфТеорЛит"
"philology";"2015";"магистратура";"1МфФольк"
"philosophy";"2012";"бакалавриат";"4б Культ Еврейская культура"
"philosophy";"2012";"бакалавриат";"4б Культ Китайская культура"
"philosophy";"2012";"бакалавриат";"4б Культ Культура Германии"
"philosophy";"2012";"бакалавриат";"4б Культ Культура Италии"
"philosophy";"2012";"бакалавриат";"4б Кф1"
"philosophy";"2012";"бакалавриат";"4б Кф2"
"philosophy";"2012";"бакалавриат";"4б Муз"
"philosophy";"2012";"бакалавриат";"4б ПЭ"
"philosophy";"2012";"бакалавриат";"4б Р"
"philosophy";"2012";"бакалавриат";"4б Фс1"
"philosophy";"2012";"бакалавриат";"4б Фс2"
"philosophy";"2013";"бакалавриат";"3б Культ Индийская культура"
"philosophy";"2013";"бакалавриат";"3б Культ Китайская культура"
"philosophy";"2013";"бакалавриат";"3б Культ Культура Германии"
"philosophy";"2013";"бакалавриат";"3б Культ Культура Италии"
"philosophy";"2013";"бакалавриат";"3б Кф1"
"philosophy";"2013";"бакалавриат";"3б Кф2"
"philosophy";"2013";"бакалавриат";"3б Муз"
"philosophy";"2013";"бакалавриат";"3б Р"
"philosophy";"2013";"бакалавриат";"3б Фс1"
"philosophy";"2013";"бакалавриат";"3б Фс2"
"philosophy";"2014";"бакалавриат";"2б Культ Арабо-мусульманская культура"
"philosophy";"2014";"бакалавриат";"2б Культ Китайская культура"
"philosophy";"2014";"бакалавриат";"2б Культ Культура Германии"
"philosophy";"2014";"бакалавриат";"2б Кф"
"philosophy";"2014";"бакалавриат";"2б Муз"
"philosophy";"2014";"бакалавриат";"2б ПЭ"
"philosophy";"2014";"бакалавриат";"2б Р"
"philosophy";"2014";"бакалавриат";"2б Фс1"
"philosophy";"2014";"бакалавриат";"2б Фс2"
"philosophy";"2015";"бакалавриат";"1б Культ Еврейская культура"
"philosophy";"2015";"бакалавриат";"1б Культ Китайская культура"
"philosophy";"2015";"бакалавриат";"1б Культ Культура Италии"
"philosophy";"2015";"бакалавриат";"1б Кф"
"philosophy";"2015";"бакалавриат";"1б Муз"
"philosophy";"2015";"бакалавриат";"1б Р"
"philosophy";"2015";"бакалавриат";"1б Фс1"
"philosophy";"2015";"бакалавриат";"1б Фс2"
"philosophy";"2014";"магистратура";"2М Культ Культура евреев в древности и в Средние века"
"philosophy";"2014";"магистратура";"2М Культ Мифодизайн социокультурной реальности"
"philosophy";"2014";"магистратура";"2М Культ Русская культура"
"philosophy";"2014";"магистратура";"2М Кф Анализ и управление конфликтом"
"philosophy";"2014";"магистратура";"2М Кф Политическая конфликтология"
"philosophy";"2014";"магистратура";"2М Кф Технологии урегулирования конфликтов посредством переговоров"
"philosophy";"2014";"магистратура";"2М Муз"
"philosophy";"2014";"магистратура";"2М ПЭ"
"philosophy";"2014";"магистратура";"2М Р История религий"
"philosophy";"2014";"магистратура";"2М Р Религиозная философия"
"philosophy";"2014";"магистратура";"2М Фс Логика аргументация коммуникация"
"philosophy";"2014";"магистратура";"2М Фс Философия политики и права"
"philosophy";"2014";"магистратура";"2М Фс Философские традиции Востока"
"philosophy";"2015";"магистратура";"1Маг Культ Культура медиа"
"philosophy";"2015";"магистратура";"1Маг Культ Русская культура"
"philosophy";"2015";"магистратура";"1Маг Культ Художественная культура Востока"
"philosophy";"2015";"магистратура";"1Маг КФ Анализ и управление конфликтом"
"philosophy";"2015";"магистратура";"1Маг Кф Политическая конфликтология"
"philosophy";"2015";"магистратура";"1Маг Кф Технологии урегулирования конфликтов посредством переговоров"
"philosophy";"2015";"магистратура";"1Маг Муз Визуальные технологии в музее"
"philosophy";"2015";"магистратура";"1Маг ПЭ"
"philosophy";"2015";"магистратура";"1Маг Р История религий"
"philosophy";"2015";"магистратура";"1Маг Р Религиозная философия"
"philosophy";"2015";"магистратура";"1Маг Фс Немецкая философия"
"philosophy";"2015";"магистратура";"1Маг Фс Практическая философия"
"philosophy";"2015";"магистратура";"1Маг Фс Философия политики и права"
"philosophy";"2015";"магистратура";"1Маг Фс Философская антропология"
"chemistry";"2012";"бакалавриат";"4б АХ"
"chemistry";"2012";"бакалавриат";"4б Б"
"chemistry";"2012";"бакалавриат";"4б КвХ"
"chemistry";"2012";"бакалавриат";"4б М"
"chemistry";"2012";"бакалавриат";"4б НХ"
"chemistry";"2012";"бакалавриат";"4б ОХ"
"chemistry";"2012";"бакалавриат";"4б ПЯ"
"chemistry";"2012";"бакалавриат";"4б Р"
"chemistry";"2012";"бакалавриат";"4б ФХ"
"chemistry";"2012";"бакалавриат";"4б ХТТ"
"chemistry";"2012";"бакалавриат";"4б Э"
"chemistry";"2013";"бакалавриат";"31"
"chemistry";"2013";"бакалавриат";"32"
"chemistry";"2013";"бакалавриат";"33"
"chemistry";"2013";"бакалавриат";"34"
"chemistry";"2013";"бакалавриат";"35"
"chemistry";"2014";"бакалавриат";"21"
"chemistry";"2014";"бакалавриат";"22"
"chemistry";"2014";"бакалавриат";"23"
"chemistry";"2014";"бакалавриат";"24"
"chemistry";"2014";"бакалавриат";"25"
"chemistry";"2015";"бакалавриат";"11"
"chemistry";"2015";"бакалавриат";"12"
"chemistry";"2015";"бакалавриат";"13"
"chemistry";"2015";"бакалавриат";"14"
"chemistry";"2015";"бакалавриат";"15"
"chemistry";"2014";"магистратура";"АХ"
"chemistry";"2014";"магистратура";"ВМС"
"chemistry";"2014";"магистратура";"М ХТК"
"chemistry";"2014";"магистратура";"М ХТТ1"
"chemistry";"2014";"магистратура";"М ХТТ2"
"chemistry";"2014";"магистратура";"МОЭР"
"chemistry";"2014";"магистратура";"ОА"
"chemistry";"2014";"магистратура";"ОС"
"chemistry";"2014";"магистратура";"ФХ"
"chemistry";"2014";"магистратура";"ХТК"
"chemistry";"2014";"магистратура";"ЭЛ"
"chemistry";"2015";"магистратура";"М"
"chemistry";"2015";"магистратура";"Х"
"chemistry";"2010";"специалитет";"ВО 6 АХ"
"chemistry";"2010";"специалитет";"ВО 6 Колл"
"chemistry";"2010";"специалитет";"ВО 6 НХ"
"chemistry";"2010";"специалитет";"ВО 6 РХ"
"chemistry";"2011";"специалитет";"5с АХ"
"chemistry";"2011";"специалитет";"5с ИОИ"
"chemistry";"2011";"специалитет";"5с Колл"
"chemistry";"2011";"специалитет";"5с МОЭР"
"chemistry";"2011";"специалитет";"5с ОА"
"chemistry";"2011";"специалитет";"5с ОС"
"chemistry";"2011";"специалитет";"5с ПЯ"
"chemistry";"2011";"специалитет";"5с СХ"
"chemistry";"2011";"специалитет";"5с ФХ"
"chemistry";"2011";"специалитет";"5с ХТК"
"chemistry";"2012";"специалитет";"4с АХ"
"chemistry";"2012";"специалитет";"4с МОЭР"
"chemistry";"2012";"специалитет";"4с НХ"
"chemistry";"2012";"специалитет";"4с ОС"
"law";"2012";"бакалавриат";"1"
"law";"2012";"бакалавриат";"10"
"law";"2012";"бакалавриат";"2"
"law";"2012";"бакалавриат";"3"
"law";"2012";"бакалавриат";"4"
"law";"2012";"бакалавриат";"5"
"law";"2012";"бакалавриат";"6"
"law";"2012";"бакалавриат";"7"
"law";"2012";"бакалавриат";"8"
"law";"2012";"бакалавриат";"9"
"law";"2013";"бакалавриат";"1"
"law";"2013";"бакалавриат";"10"
"law";"2013";"бакалавриат";"11"
"law";"2013";"бакалавриат";"12"
"law";"2013";"бакалавриат";"2"
"law";"2013";"бакалавриат";"3"
"law";"2013";"бакалавриат";"4"
"law";"2013";"бакалавриат";"5"
"law";"2013";"бакалавриат";"6"
"law";"2013";"бакалавриат";"7"
"law";"2013";"бакалавриат";"8"
"law";"2013";"бакалавриат";"9"
"law";"2014";"бакалавриат";"1"
"law";"2014";"бакалавриат";"10"
"law";"2014";"бакалавриат";"11"
"law";"2014";"бакалавриат";"12"
"law";"2014";"бакалавриат";"2"
"law";"2014";"бакалавриат";"3"
"law";"2014";"бакалавриат";"4"
"law";"2014";"бакалавриат";"5"
"law";"2014";"бакалавриат";"6"
"law";"2014";"бакалавриат";"7"
"law";"2014";"бакалавриат";"8"
"law";"2014";"бакалавриат";"9"
"law";"2015";"бакалавриат";"1"
"law";"2015";"бакалавриат";"10"
"law";"2015";"бакалавриат";"2"
"law";"2015";"бакалавриат";"3"
"law";"2015";"бакалавриат";"4"
"law";"2015";"бакалавриат";"5"
"law";"2015";"бакалавриат";"6"
"law";"2015";"бакалавриат";"7"
"law";"2015";"бакалавриат";"8"
"law";"2015";"бакалавриат";"9"
"law";"2014";"магистратура";"30901"
"law";"2014";"магистратура";"30903"
"law";"2014";"магистратура";"30905"
"law";"2014";"магистратура";"30907"
"law";"2014";"магистратура";"30909"
"law";"2014";"магистратура";"30910"
"law";"2014";"магистратура";"30914"
"law";"2014";"магистратура";"30918"
"law";"2014";"магистратура";"30919"
"law";"2014";"магистратура";"30920"
"law";"2014";"магистратура";"30921"
"law";"2014";"магистратура";"30922"
"law";"2014";"магистратура";"30923"
"law";"2014";"магистратура";"30924"
"law";"2015";"магистратура";"30901"
"law";"2015";"магистратура";"30903"
"law";"2015";"магистратура";"30905"
"law";"2015";"магистратура";"30907"
"law";"2015";"магистратура";"30909"
"law";"2015";"магистратура";"30910"
"law";"2015";"магистратура";"30914"
"law";"2015";"магистратура";"30918"
"law";"2015";"магистратура";"30919"
"law";"2015";"магистратура";"30920"
"law";"2015";"магистратура";"30921"
"law";"2015";"магистратура";"30922"
"law";"2015";"магистратура";"30923"
"law";"2015";"магистратура";"30924"
"economic";"2012";"бакалавриат";"БИ-4"
"economic";"2012";"бакалавриат";"МиСМЭ-4"
"economic";"2012";"бакалавриат";"МО-4"
"economic";"2012";"бакалавриат";"МЭОиМБ-41"
"economic";"2012";"бакалавриат";"МЭОиМБ-42"
"economic";"2012";"бакалавриат";"ФКСиУ-41"
"economic";"2012";"бакалавриат";"ФКСиУ-42"
"economic";"2012";"бакалавриат";"ФКСиУ-43"
"economic";"2012";"бакалавриат";"ЭПП-4"
"economic";"2012";"бакалавриат";"ЭФиУИ-41"
"economic";"2012";"бакалавриат";"ЭФиУИ-42"
"economic";"2012";"бакалавриат";"ЭФиУИ-43"
"economic";"2013";"бакалавриат";"БВ-3"
"economic";"2013";"бакалавриат";"БИ-3"
"economic";"2013";"бакалавриат";"БМ-3"
"economic";"2013";"бакалавриат";"МиСМЭ-3"
"economic";"2013";"бакалавриат";"МО-31"
"economic";"2013";"бакалавриат";"МО-32"
"economic";"2013";"бакалавриат";"МЭОиМБ-31"
"economic";"2013";"бакалавриат";"МЭОиМБ-32"
"economic";"2013";"бакалавриат";"УП-3"
"economic";"2013";"бакалавриат";"Управление персоналом"
"economic";"2013";"бакалавриат";"ФКСиУ-31"
"economic";"2013";"бакалавриат";"ФКСиУ-32"
"economic";"2013";"бакалавриат";"ЭПП-3"
"economic";"2013";"бакалавриат";"ЭФиУИ-31"
"economic";"2013";"бакалавриат";"ЭФиУИ-32"
"economic";"2014";"бакалавриат";"БВ-2"
"economic";"2014";"бакалавриат";"БИ-2"
"economic";"2014";"бакалавриат";"БМ-2"
"economic";"2014";"бакалавриат";"УП-2"
"economic";"2014";"бакалавриат";"Э-211"
"economic";"2014";"бакалавриат";"Э-212"
"economic";"2014";"бакалавриат";"Э-213"
"economic";"2014";"бакалавриат";"Э-221"
"economic";"2014";"бакалавриат";"Э-222"
"economic";"2014";"бакалавриат";"Э-223"
"economic";"2014";"бакалавриат";"Э-231"
"economic";"2014";"бакалавриат";"Э-232"
"economic";"2014";"бакалавриат";"Э-233"
"economic";"2015";"бакалавриат";"БВ-1"
"economic";"2015";"бакалавриат";"БИ-1"
"economic";"2015";"бакалавриат";"УП-1"
"economic";"2015";"бакалавриат";"Э-111"
"economic";"2015";"бакалавриат";"Э-112"
"economic";"2015";"бакалавриат";"Э-113"
"economic";"2015";"бакалавриат";"Э-121"
"economic";"2015";"бакалавриат";"Э-122"
"economic";"2015";"бакалавриат";"Э-123"
"economic";"2015";"бакалавриат";"Э-131"
"economic";"2015";"бакалавриат";"Э-132"
"economic";"2015";"бакалавриат";"Э-133"
"economic";"2014";"магистратура";"Бизнес России и стран Содружества в глобальной экономике"
"economic";"2014";"магистратура";"Государственное и региональное управления"
"economic";"2014";"магистратура";"Институциональная экономика"
"economic";"2014";"магистратура";"Информационная бизнес - аналитика"
"economic";"2014";"магистратура";"Математические методы в экономике"
"economic";"2014";"магистратура";"М-БУА-2"
"economic";"2014";"магистратура";"Международня торговая система"
"economic";"2014";"магистратура";"М-МЭ-2"
"economic";"2014";"магистратура";"М-ФМ-2"
"economic";"2014";"магистратура";"М-ЭУП-2-А"
"economic";"2014";"магистратура";"М-ЭУП-2-М"
"economic";"2014";"магистратура";"М-ЭУП-2-Ф"
"economic";"2014";"магистратура";"Прикладная макроэкономика и экономическая политика"
"economic";"2014";"магистратура";"Управление развитием организаций"
"economic";"2014";"магистратура";"Управление рисками и страхование"
"economic";"2014";"магистратура";"Учёт-анализ-аудит"
"economic";"2014";"магистратура";"Финансовые рынки и банки (профиль - банковский менеджмент и маркетинг)"
"economic";"2014";"магистратура";"Финансовые рынки и банки (профиль - финансовые рынки: инструменты и технологии)"
"economic";"2014";"магистратура";"Экономика фирмы"
"economic";"2014";"магистратура";"Экономика фирмы - управление инновациями"
"economic";"2015";"магистратура";"Бизнес России и стран Содружества в глобальной экономике"
"economic";"2015";"магистратура";"Государственное и региональное управление"
"economic";"2015";"магистратура";"институциональная экономика"
"economic";"2015";"магистратура";"Информационная бизнес - аналитика"
"economic";"2015";"магистратура";"Математические методы в экономике"
"economic";"2015";"магистратура";"М-БУА-1"
"economic";"2015";"магистратура";"Международная торговая система"
"economic";"2015";"магистратура";"М-МЭ-1"
"economic";"2015";"магистратура";"М-ФМ-1"
"economic";"2015";"магистратура";"М-ЭУП-1А"
"economic";"2015";"магистратура";"М-ЭУП-1М"
"economic";"2015";"магистратура";"Прикладная макроэкономика и экономическая политика"
"economic";"2015";"магистратура";"Управление развитием организаций"
"economic";"2015";"магистратура";"Управление рисками и страхование"
"economic";"2015";"магистратура";"Учёт-анализ-аудит"
"economic";"2015";"магистратура";"Финансовые рынки и банки - ( профиль банковский менеджмент и маркетинг)"
"economic";"2015";"магистратура";"Финансовые рынки и банки - ( профиль финансовые рынки: инструменты и технологии)"
"economic";"2015";"магистратура";"Экономика фирмы"
"economic";"2015";"магистратура";"Экономика фирмы - управление инновациями"
"economic";"2013";"специалитет";"ЭкБ-3"
"economic";"2014";"специалитет";"ЭкБ-2"
"economic";"2015";"специалитет";"ЭкБ-1"
"biology";"2015";"магистратура";"1 М Биофизика"
"easternstudies";"2013";"бакалавриат";"31БрКтФ"
"easternstudies";"2012";"бакалавриат";"41ИаФ"
"easternstudies";"2014";"магистратура";"2МЯпФ"
"easternstudies";"2014";"магистратура";"2МИИаБФ"
"management";"2015";"бакалавриат";"EMBA-2017B"
