Facility;YearNum;ProgramType;GroupCode
социологии;4;бакалавриат;4.1
социологии;4;бакалавриат;4.2
социологии;4;бакалавриат;4.3
социологии;4;бакалавриат;4.4
социологии;4;бакалавриат;4.5
социологии;4;бакалавриат;4.6
социологии;4;бакалавриат;4.7
социологии;3;бакалавриат;3.1
социологии;3;бакалавриат;3.2
социологии;3;бакалавриат;3.3
социологии;3;бакалавриат;3.4
социологии;3;бакалавриат;3.5
социологии;3;бакалавриат;3.6
социологии;3;бакалавриат;3.7
социологии;2;бакалавриат;2.1
социологии;2;бакалавриат;2.2
социологии;2;бакалавриат;2.3
социологии;2;бакалавриат;2.4
социологии;2;бакалавриат;2.5
социологии;2;бакалавриат;2.6
социологии;2;бакалавриат;2.7
социологии;1;бакалавриат;1.1
социологии;1;бакалавриат;1.2
социологии;1;бакалавриат;1.3
социологии;1;бакалавриат;1.4
социологии;1;бакалавриат;1.5
социологии;1;бакалавриат;1.6
социологии;1;бакалавриат;1.7
социологии;2;магистратура;2  ГИ
социологии;2;магистратура;2  С Р
социологии;2;магистратура;2  СА
социологии;2;магистратура;2  СК
социологии;2;магистратура;2  СОУП
социологии;2;магистратура;2  ЭС
социологии;2;магистратура;2 ЕО
социологии;2;магистратура;2 СПМО
социологии;2;магистратура;2 ССТ
социологии;2;магистратура;2 СМИТ
социологии;1;магистратура;1  ЕО
социологии;1;магистратура;1  СК
социологии;1;магистратура;1 СОУП
социологии;1;магистратура;1 СПМО
социологии;1;магистратура;1 СР
социологии;1;магистратура;1 ЭС
социологии;1;магистратура;1СА
социологии;1;магистратура;1ССТ
социологии;1;магистратура;1 СМИТ
биологии;4;бакалавриат;4  Э
биологии;4;бакалавриат;4 Б
биологии;4;бакалавриат;4 К 1
биологии;4;бакалавриат;4 К 2
биологии;4;бакалавриат;4 Ф 1
биологии;4;бакалавриат;4 Ф 2
биологии;3;бакалавриат;3 Б
биологии;3;бакалавриат;3 К 1
биологии;3;бакалавриат;3 К 2
биологии;3;бакалавриат;3 К 3
биологии;3;бакалавриат;3 Ф 1
биологии;3;бакалавриат;3 Ф 2
биологии;2;бакалавриат;2 Б 1
биологии;2;бакалавриат;2 Б 2
биологии;2;бакалавриат;2 Б 3
биологии;2;бакалавриат;2 Б 4
биологии;2;бакалавриат;2 Б 5
биологии;2;бакалавриат;2 Б 6
биологии;1;бакалавриат;1 Б 1
биологии;1;бакалавриат;1 Б 2
биологии;1;бакалавриат;1 Б 3
биологии;1;бакалавриат;1 Б 4
биологии;1;бакалавриат;1 Б 5
биологии;1;бакалавриат;1 Б 6
биологии;1;бакалавриат;1 Б 7
биологии;1;бакалавриат;1 Б 8
биологии;2;магистратура;2 М БИОФИЗИКА
биологии;2;магистратура;2 М БИОХИМИЯ
биологии;2;магистратура;2 М БОТАНИКА
биологии;2;магистратура;2 М ГЕНЕТИКА
биологии;2;магистратура;2 М ГИДРБИОЛОГИЯ
биологии;2;магистратура;2 М З/ БЕСП
биологии;2;магистратура;2 М З/ПОЗВ
биологии;2;магистратура;2 М МИКРОБИОЛОГИЯ
биологии;2;магистратура;2 М НЕЙРОБИОЛОГИЯ
биологии;2;магистратура;2 М ФБР
биологии;2;магистратура;2 М ФИЗИОЛОГИЯ
биологии;2;магистратура;2 М ЦИТОЛОГИЯ
биологии;2;магистратура;2 М ЭКОЛОГИЯ  назем
биологии;2;магистратура;2 М ЭКОЛОГИЯ водная
биологии;2;магистратура;2 М ЭМБРИОЛОГИЯ
биологии;1;магистратура;1 М Биохимия
биологии;1;магистратура;1 М Ботаника
биологии;1;магистратура;1 М Генетика
биологии;1;магистратура;1 М Гидробиология
биологии;1;магистратура;1 М Зоология паразитология
биологии;1;магистратура;1 М Микробиология
биологии;1;магистратура;1 М Нейробиология
биологии;1;магистратура;1 М ФБР
биологии;1;магистратура;1 М Физиология
биологии;1;магистратура;1 М Цитология
биологии;1;магистратура;1 М Экология водн
биологии;1;магистратура;1 М Экология назем
биологии;1;магистратура;1 М Эмбриология
биологии;1;магистратура;1 М Энтомология
востоковедения;4;бакалавриат;41АрФ
востоковедения;4;бакалавриат;41Асс
востоковедения;4;бакалавриат;41ВтКтФ
востоковедения;4;бакалавриат;41Гбр
востоковедения;4;бакалавриат;41Егп
востоковедения;4;бакалавриат;41ИИА
востоковедения;4;бакалавриат;41ИИБ
востоковедения;4;бакалавриат;41ИКв(Гр)
востоковедения;4;бакалавриат;41ИКт
востоковедения;4;бакалавриат;41ИрФ
востоковедения;4;бакалавриат;41ИЯп
востоковедения;4;бакалавриат;41КрФ
востоковедения;4;бакалавриат;41КтФ
востоковедения;4;бакалавриат;41КхТФ
востоковедения;4;бакалавриат;41ОТД
востоковедения;4;бакалавриат;41ТбМнФ
востоковедения;4;бакалавриат;41ТрФ
востоковедения;4;бакалавриат;41ЭБВ
востоковедения;4;бакалавриат;41ЭКт
востоковедения;4;бакалавриат;41ЯВА
востоковедения;4;бакалавриат;42ОТД
востоковедения;3;бакалавриат;31ИАС
востоковедения;3;бакалавриат;31ИаФ
востоковедения;3;бакалавриат;31ИВт
востоковедения;3;бакалавриат;31ИДВ
востоковедения;3;бакалавриат;31ИИА
востоковедения;3;бакалавриат;31ИКв (Аз)
востоковедения;3;бакалавриат;31ИКт
востоковедения;3;бакалавриат;31ИМн
востоковедения;3;бакалавриат;31ИнМлФ
востоковедения;3;бакалавриат;31ИТл
востоковедения;3;бакалавриат;31ИТр
востоковедения;3;бакалавриат;31ИЦА
востоковедения;3;бакалавриат;31КрФ
востоковедения;3;бакалавриат;31КтФ
востоковедения;3;бакалавриат;31КхВтФ
востоковедения;3;бакалавриат;31ОТД
востоковедения;3;бакалавриат;31ЭБВ
востоковедения;3;бакалавриат;31ЯЗА
востоковедения;3;бакалавриат;31ЯпФ
востоковедения;3;бакалавриат;32ИКт
востоковедения;3;бакалавриат;32ОТД
востоковедения;3;бакалавриат;32ЯпФ
востоковедения;2;бакалавриат;21АрФ
востоковедения;2;бакалавриат;21Гбр
востоковедения;2;бакалавриат;21Егп
востоковедения;2;бакалавриат;21ИИн
востоковедения;2;бакалавриат;21ИКв(Ар)
востоковедения;2;бакалавриат;21ИКр
востоковедения;2;бакалавриат;21ИКт
востоковедения;2;бакалавриат;21ИрФ
востоковедения;2;бакалавриат;21ИЯп
востоковедения;2;бакалавриат;21ТрФ
востоковедения;2;бакалавриат;21ЯЗА
востоковедения;2;бакалавриат;22ИКр
востоковедения;2;бакалавриат;22ИКт
востоковедения;2;бакалавриат;22ИЯп
востоковедения;1;бакалавриат;11ИАС
востоковедения;1;бакалавриат;11ИаФ
востоковедения;1;бакалавриат;11ИИА
востоковедения;1;бакалавриат;11ИнФФ
востоковедения;1;бакалавриат;11Исл
востоковедения;1;бакалавриат;11ИТл
востоковедения;1;бакалавриат;11ИТр
востоковедения;1;бакалавриат;11ИЦА
востоковедения;1;бакалавриат;11КрФ
востоковедения;1;бакалавриат;11КтФ
востоковедения;1;бакалавриат;11КхВтФ
востоковедения;1;бакалавриат;11ТбМнФ
востоковедения;1;бакалавриат;11ЯВА
востоковедения;1;бакалавриат;11ЯпФ
востоковедения;1;бакалавриат;12КрФ
востоковедения;1;бакалавриат;12КтФ
востоковедения;1;бакалавриат;12ЯпФ
востоковедения;2;магистратура;2МИИрФ
востоковедения;2;магистратура;2МИИЯп
востоковедения;2;магистратура;2МИТб
востоковедения;2;магистратура;2МИТрФ
востоковедения;2;магистратура;2МКИАС
востоковедения;2;магистратура;2МКИрФ
востоковедения;2;магистратура;2МККтФ
востоковедения;2;магистратура;2МЛАрФ
востоковедения;2;магистратура;2МЛИаФ
востоковедения;2;магистратура;2МЛИЯп
востоковедения;2;магистратура;2МЛКтФ
востоковедения;2;магистратура;2МПИАС
востоковедения;2;магистратура;2МПИКв
востоковедения;2;магистратура;2МПИКт
востоковедения;2;магистратура;2МПИнМл
востоковедения;2;магистратура;2МПИрФ
востоковедения;2;магистратура;2МПИЯп
востоковедения;2;магистратура;2МРЗА
востоковедения;2;магистратура;2МРИЯп
востоковедения;2;магистратура;2МРТбМнФ
востоковедения;2;магистратура;2МЭБрФ
востоковедения;2;магистратура;2МЭИАС
востоковедения;2;магистратура;2МЭИКт
востоковедения;2;магистратура;2МЭИЯп
востоковедения;2;магистратура;2МЭКхВт Ф
востоковедения;2;магистратура;2МЭКхТФ
востоковедения;2;магистратура;2МЭТрФ
востоковедения;2;магистратура;2МЭЯЗА
востоковедения;2;магистратура;2МЯ1ТМФ
востоковедения;2;магистратура;2МЯ2ТМФ
востоковедения;2;магистратура;2МЯАрФ
востоковедения;2;магистратура;2МЯКтФ
востоковедения;2;магистратура;2МЯЯЗА
востоковедения;1;магистратура;1МИаБФ
востоковедения;1;магистратура;1МИИАС
востоковедения;1;магистратура;1МИИВК
востоковедения;1;магистратура;1МИИИБ
востоковедения;1;магистратура;1МИИКт
востоковедения;1;магистратура;1МИЯп
востоковедения;1;магистратура;1МКАсс
востоковедения;1;магистратура;1МКИаБФ
востоковедения;1;магистратура;1МКИКВ
востоковедения;1;магистратура;1МКИнФФ
востоковедения;1;магистратура;1МККтФ
востоковедения;1;магистратура;1МКТМФ
востоковедения;1;магистратура;1МКТрФ
востоковедения;1;магистратура;1МЛАрФ
востоковедения;1;магистратура;1МЛИаБФ
востоковедения;1;магистратура;1МЛКтФ
востоковедения;1;магистратура;1МЛКхТФ
востоковедения;1;магистратура;1МЛЯВА
востоковедения;1;магистратура;1МЛЯФ
востоковедения;1;магистратура;1МПАрФ
востоковедения;1;магистратура;1МПИВК
востоковедения;1;магистратура;1МПИКр
востоковедения;1;магистратура;1МПИКт
востоковедения;1;магистратура;1МПИнФФ
востоковедения;1;магистратура;1МПИЯп
востоковедения;1;магистратура;1МПЭБВ
востоковедения;1;магистратура;1МРАрФ
востоковедения;1;магистратура;1МРАсс
востоковедения;1;магистратура;1МРИаФ
востоковедения;1;магистратура;1МРИИА
востоковедения;1;магистратура;1МРИЯп
востоковедения;1;магистратура;1МРКтФ
востоковедения;1;магистратура;1МРЭБВ
востоковедения;1;магистратура;1МРЯЗА
востоковедения;1;магистратура;1МЭИВК
востоковедения;1;магистратура;1МЭИКр
востоковедения;1;магистратура;1МЭИКт
востоковедения;1;магистратура;1МЭИЯп
востоковедения;1;магистратура;1МЭЭБВ
востоковедения;1;магистратура;1МЯИАС
востоковедения;1;магистратура;1МЯИКр
востоковедения;1;магистратура;1МЯКтФ
востоковедения;1;магистратура;1МЯЯпФ
земли;1;магистратура;ПОМОР/ POMOR
земли;1;магистратура;1  Геофизика
земли;1;магистратура;1  Геохимия и минералогия
земли;1;магистратура;1  Гидрогеология
земли;1;магистратура;1  Инженерная геология
земли;1;магистратура;1  Минерагения и геолого-экономическая оценка месторождений полезных ископаемых
земли;1;магистратура;1  Почвоведение
земли;1;магистратура;1  Тектоника осадочная геология и палеонтология
земли;1;бакалавриат;1 География
земли;1;бакалавриат;2 География
земли;1;бакалавриат;3 География
земли;1;магистратура;1 Геоинформатика
земли;1;магистратура;1 Геоэкологический мониторинг
земли;1;магистратура;1 Метеорология
земли;1;магистратура;1 Политическая география
земли;1;магистратура;1 Природопользование
земли;1;магистратура;1 Туризм
земли;1;магистратура;1 Управление землепользованием
земли;1;магистратура;1 Устойчивое развитие
земли;1;магистратура;1 Физическая география
земли;1;магистратура;1 Четвертичная геология
земли;1;магистратура;1 Экологический менеджмент
земли;1;магистратура;1 Экономическая география
земли;2;бакалавриат;2  Нефтегазовое дело
земли;2;бакалавриат;Биогеография и география почв
земли;2;бакалавриат;2 География
земли;2;бакалавриат;География полярных стран
земли;2;бакалавриат;Геоинформатика
земли;2;бакалавриат;2 Геология
земли;2;бакалавриат;2 Геофизика
земли;2;магистратура;2 Геофизика
земли;2;бакалавриат;2 Геохимия
земли;2;магистратура;2 Геохимия и минералогия
земли;2;магистратура;Гидрогеология
земли;2;бакалавриат;2 Гидрогеология и инженерная геология
земли;2;бакалавриат;2 Гидрология
земли;2;магистратура;2 Инженерная геология
земли;2;магистратура;2 Кристаллография и кристаллохимия
земли;2;магистратура;2 Минерагения и геолого-экономическая оценка МПИ
земли;2;магистратура;2 Нефтегазовое дело
земли;2;бакалавриат;2 Океанология
земли;2;магистратура;2 Петрология и изотопно-геологические исследования
земли;2;бакалавриат;2 Почвоведение
земли;2;магистратура;2 Почвоведение
земли;2;бакалавриат;2 Рациональное природопользование
земли;2;бакалавриат;2 Региональная политика/Политическая география
земли;2;бакалавриат;2 Страноведение
земли;2;бакалавриат;2 Физическая география
земли;2;бакалавриат;2 Экологическая безопасность/Экологический менеджмент
земли;2;бакалавриат;2 Экономическая география
земли;3;бакалавриат;3 География
земли;3;бакалавриат;3 Геофизика
земли;3;бакалавриат;3 Геохимия
земли;3;бакалавриат;3 ГМПИ
земли;3;бакалавриат;3 Грунтоведение и инж.геология
земли;3;бакалавриат;3 Кристаллография
земли;3;бакалавриат;3 Нефтегазовое дело
земли;3;бакалавриат;3 Осадочная геология
земли;3;бакалавриат;3 Почвоведение (Биология почв и агрохимия)
земли;3;бакалавриат;3 Региональная геология
земли;3;бакалавриат;3 Экология и недропользование
земли;4;бакалавриат;4 Геофизика
земли;4;бакалавриат;4 Геохимия
земли;4;бакалавриат;4 ГМПИ
земли;4;бакалавриат;4 Грунтоведение и инж.геология
земли;4;бакалавриат;4 Кристаллография
земли;4;бакалавриат;4 Нефтегазовое дело
земли;4;бакалавриат;4 Почвоведение (Экология почв)
земли;4;бакалавриат;4 Экология и недропользование
земли;1;бакалавриат;7 (1 подгруппа) Геолого-гидрогеологическая
земли;1;бакалавриат;7 (2 подгруппа) Геолого-гидрогеологическая
земли;1;бакалавриат;8 (1 подгруппа) Геофизико-геохимическая
земли;1;бакалавриат;8 (2 подгруппа) Геофизико-геохимическая
земли;1;бакалавриат;Гидрометеорология
земли;1;бакалавриат;Картография и геоинформатика
земли;1;бакалавриат;Нефтегазовое дело
земли;1;бакалавриат;Почвоведение
земли;1;бакалавриат;Технология и организация туроператорских и турагентских услуг
земли;1;бакалавриат;Экология и природопользование
земли;4;бакалавриат;Геоэкология
земли;4;бакалавриат;Биогеография и география почв
земли;4;бакалавриат;География полярных стран
земли;4;бакалавриат;Геоинформатика
земли;4;бакалавриат;Геоморфология и палеогеография
земли;4;бакалавриат;Гидрология
земли;4;бакалавриат;Землеустройство и кадастры
земли;4;бакалавриат;Ландшафтное планирование
земли;4;бакалавриат;Метеорология и климатология
земли;4;бакалавриат;Океанология
земли;4;бакалавриат;Политическая география и геополитика
земли;4;бакалавриат;Природопользование
земли;4;бакалавриат;Региональная политика и территориальное планирование
земли;4;бакалавриат;Страноведение и международный туризм
земли;4;бакалавриат;Технология и организация туроператорских и турагентских услуг
земли;4;бакалавриат;Физическая и эволюционная география
земли;4;бакалавриат;Экологическая безопасность
земли;4;бакалавриат;Экономическая и социальная география
земли;3;бакалавриат;Биогеография и география почв
земли;3;бакалавриат;География полярных стран
земли;3;бакалавриат;Геоинформатика
земли;3;бакалавриат;Геоэкология
земли;3;бакалавриат;Гидрология
земли;3;бакалавриат;Ландшафтное планирование
земли;3;бакалавриат;Метеорология и климатология
земли;3;бакалавриат;Региональная политика и территориальное планирование
земли;3;бакалавриат;Страноведение и международный туризм
земли;3;бакалавриат;Технология и организация туроператорских и турагентских услуг
земли;3;бакалавриат;Экологическая безопасность
земли;3;бакалавриат;Экономическая и социальная география
земли;2;бакалавриат;Технология и организация туроператорских и турагентских услуг
земли;2;магистратура;Геоморфология
земли;2;магистратура;Геоэкологический мониторинг
земли;2;магистратура;Геоэкология (по географическим наукам)
земли;2;магистратура;Картография
земли;2;магистратура;Метеорология климатология агрометеорология
земли;2;магистратура;Политическая география и геополитика
земли;2;магистратура;Природопользование
земли;2;магистратура;Региональная политика в сфере туризма и рекреации
земли;2;магистратура;Системная региональная диагностика природной среды
земли;2;магистратура;Страноведение и международный туризм
земли;2;магистратура;Управление землепользованием
земли;2;магистратура;Физическая и эволюционная география
земли;2;магистратура;Экологическая безопасность
земли;2;магистратура;Экологический менеджмент
земли;2;магистратура;Экономическая и социальная география
журналистики;5;бакалавриат;1 (журналистика)
журналистики;5;бакалавриат;2 (журналистика)
журналистики;5;бакалавриат;3 (журналистика)
журналистики;5;бакалавриат;4 (журналистика)
журналистики;4;бакалавриат;1 (журналистика)
журналистики;4;бакалавриат;10 (журналистика)
журналистики;4;бакалавриат;2 (журналистика)
журналистики;4;бакалавриат;3 (журналистика)
журналистики;4;бакалавриат;4 (журналистика)
журналистики;4;бакалавриат;5 (журналистика)
журналистики;4;бакалавриат;6 (журналистика)
журналистики;4;бакалавриат;7 (журналистика)
журналистики;4;бакалавриат;8 (журналистика)
журналистики;4;бакалавриат;9 (журналистика)
журналистики;3;бакалавриат;1 (журналистика)
журналистики;3;бакалавриат;10 (журналистика)
журналистики;3;бакалавриат;11 (журналистика)
журналистики;3;бакалавриат;2 (журналистика)
журналистики;3;бакалавриат;3 (журналистика)
журналистики;3;бакалавриат;4 (журналистика)
журналистики;3;бакалавриат;5 (журналистика)
журналистики;3;бакалавриат;6 (журналистика)
журналистики;3;бакалавриат;7 (журналистика)
журналистики;3;бакалавриат;8 (журналистика)
журналистики;3;бакалавриат;9 (журналистика)
журналистики;2;бакалавриат;1 (журналистика)
журналистики;2;бакалавриат;2 (журналистика)
журналистики;2;бакалавриат;3 (журналистика)
журналистики;2;бакалавриат;4 (журналистика)
журналистики;2;бакалавриат;5 (журналистика)
журналистики;2;бакалавриат;6 (журналистика)
журналистики;1;бакалавриат;1 (журналистика)
журналистики;1;бакалавриат;2 (журналистика)
журналистики;1;бакалавриат;3 (журналистика)
журналистики;1;бакалавриат;4 (журналистика)
журналистики;1;бакалавриат;5 (журналистика)
журналистики;2;магистратура;1 (журналистика)
журналистики;2;магистратура;2-1 (журналистика)
журналистики;2;магистратура;2-2 (журналистика)
журналистики;2;магистратура;3 (журналистика)
журналистики;2;магистратура;4 (журналистика)
журналистики;2;магистратура;5 (журналистика)
журналистики;2;магистратура;6 (журналистика)
журналистики;2;магистратура;7 (журналистика)
журналистики;1;магистратура;1 (журналистика)
журналистики;1;магистратура;2 (журналистика)
журналистики;1;магистратура;3 (журналистика)
журналистики;1;магистратура;4 (журналистика)
журналистики;1;магистратура;5 (журналистика)
журналистики;1;магистратура;6 (журналистика)
журналистики;1;магистратура;7 (журналистика)
журналистики;5;бакалавриат;1 (прикладные коммуникации)
журналистики;4;бакалавриат;1 (прикладные коммуникации)
журналистики;4;бакалавриат;2 (прикладные коммуникации)
журналистики;4;бакалавриат;3 (прикладные коммуникации)
журналистики;3;бакалавриат;1 (прикладные коммуникации)
журналистики;3;бакалавриат;2 (прикладные коммуникации)
журналистики;3;бакалавриат;3 (прикладные коммуникации)
журналистики;2;бакалавриат;1 (прикладные коммуникации)
журналистики;2;бакалавриат;2 (прикладные коммуникации)
журналистики;2;бакалавриат;3 (прикладные коммуникации)
журналистики;1;бакалавриат;1 (прикладные коммуникации)
журналистики;1;бакалавриат;2 (прикладные коммуникации)
журналистики;2;магистратура;1 (прикладные коммуникации)
журналистики;2;магистратура;2 (прикладные коммуникации)
журналистики;1;магистратура;1 (прикладные коммуникации)
журналистики;1;магистратура;2 (прикладные коммуникации)
искусств;4;бакалавриат;41ВИ
искусств;4;бакалавриат;41ГД
искусств;4;бакалавриат;41ДПИ
искусств;4;бакалавриат;41ДС
искусств;4;бакалавриат;41МИ
искусств;4;бакалавриат;41ПИ
искусств;4;бакалавриат;41Р
искусств;3;бакалавриат;31ВИ
искусств;3;бакалавриат;31ГД
искусств;3;бакалавриат;31ДПИ
искусств;3;бакалавриат;31ДС
искусств;3;бакалавриат;31МИ
искусств;3;бакалавриат;31ПИ
искусств;3;бакалавриат;31Р
искусств;2;бакалавриат;21 ГД
искусств;2;бакалавриат;21 ПИ
искусств;2;бакалавриат;21ВИ
искусств;2;бакалавриат;21ДПИ
искусств;2;бакалавриат;21ДС
искусств;2;бакалавриат;21МИ
искусств;2;бакалавриат;21Р
искусств;1;бакалавриат;11ВИ
искусств;1;бакалавриат;11ГД
искусств;1;бакалавриат;11ДПИ
искусств;1;бакалавриат;11ДС
искусств;1;бакалавриат;11МИ
искусств;1;бакалавриат;11ПИ
искусств;1;бакалавриат;11Р
искусств;2;магистратура;21МГД
искусств;2;магистратура;21МДС
искусств;2;магистратура;21ММТ
искусств;2;магистратура;21МР
искусств;1;магистратура;11МГД
искусств;1;магистратура;11МДС
искусств;1;магистратура;11ММт
искусств;1;магистратура;11МР
искусств;6;специалитет;61К
искусств;6;специалитет;61СЖ
искусств;5;специалитет;51П
искусств;5;специалитет;51СЖ
искусств;4;специалитет;41АИ
искусств;4;специалитет;41К
искусств;4;специалитет;41СЖ
искусств;4;специалитет;42АИ
искусств;3;специалитет;31АИ
искусств;3;специалитет;31П
искусств;3;специалитет;31СЖ
искусств;3;специалитет;32АИ
искусств;2;специалитет;21АИ
искусств;2;специалитет;21М
искусств;2;специалитет;21СЖ
искусств;2;специалитет;22АИ
искусств;1;специалитет;11АИ
искусств;1;специалитет;11К
искусств;1;специалитет;11СЖ
искусств;1;специалитет;12АИ
истории;4;бакалавриат;Археология
истории;4;бакалавриат;Ист.Культ
истории;4;бакалавриат;Этнология
истории;4;бакалавриат;ВсеобщИстория 1
истории;4;бакалавриат;ВсеобщИстория 2
истории;4;бакалавриат;ВсеобщИстория 3
истории;4;бакалавриат;ОтечИстория 1
истории;4;бакалавриат;ОтечИстория 2
истории;4;бакалавриат;ОтечИстория 3
истории;4;бакалавриат;История искусств
истории;4;бакалавриат;Музеол. Ин-т Истории
истории;4;бакалавриат;Туризм
истории;3;бакалавриат;Археология
истории;3;бакалавриат;История искусств
истории;3;бакалавриат;История культуры
истории;3;бакалавриат;Этнология
истории;3;бакалавриат;ВсеобщИстория 1
истории;3;бакалавриат;ВсеобщИстория 2
истории;3;бакалавриат;ВсеобщИстория 3
истории;3;бакалавриат;ОтечИстория 1
истории;3;бакалавриат;ОтечИстория 2
истории;3;бакалавриат;ОтечИстория 3
истории;3;бакалавриат;Музеол. Ин-т Истории
истории;3;бакалавриат;Туризм
истории;2;бакалавриат;Археология
истории;2;бакалавриат;Истор.Культуры
истории;2;бакалавриат;Этнология
истории;2;бакалавриат;ВсеобщИстория 1
истории;2;бакалавриат;ВсеобщИстория 2
истории;2;бакалавриат;ВсеобщИстория 3
истории;2;бакалавриат;ОтечИстория 1
истории;2;бакалавриат;ОтечИстория 2
истории;2;бакалавриат;ОтечИстория 3
истории;2;бакалавриат;История искусств
истории;2;бакалавриат;Музеол. Ин-т Истории
истории;2;бакалавриат;Туризм
истории;1;бакалавриат;История 1
истории;1;бакалавриат;История 2
истории;1;бакалавриат;История 3
истории;1;бакалавриат;История 4
истории;1;бакалавриат;История 5
истории;1;бакалавриат;История 6
истории;1;бакалавриат;История 7
истории;1;бакалавриат;История 8
истории;1;бакалавриат;Иск
истории;1;бакалавриат;Музеологи
истории;1;бакалавриат;Туризм
истории;2;магистратура;НИР
истории;2;магистратура;Новисты
истории;2;магистратура;Археология
истории;2;магистратура;ИскЗап
истории;2;магистратура;ИскРус
истории;2;магистратура;История культуры
истории;2;магистратура;Регионоведение
истории;2;магистратура;Россия до ХХ
истории;1;магистратура;Археология
истории;1;магистратура;ИскЗап
истории;1;магистратура;ИскРус
истории;1;магистратура;История наций и национализма
истории;1;магистратура;Музейное кураторство
истории;1;магистратура;НИР
истории;1;магистратура;Новисты
истории;1;магистратура;Регионоведение
истории;1;магистратура;Россия в войнах
истории;1;магистратура;Россия до ХХ
истории;1;магистратура;Теория и методология исследования культуры
математики;4;бакалавриат;422
математики;4;бакалавриат;423
математики;4;бакалавриат;424
математики;4;бакалавриат;451
математики;4;бакалавриат;461
математики;4;бакалавриат;471
математики;4;бакалавриат;421_вм
математики;4;бакалавриат;421_тк
математики;4;бакалавриат;441
математики;4;бакалавриат;442
математики;4;бакалавриат;443
математики;4;бакалавриат;444
математики;3;бакалавриат;321
математики;3;бакалавриат;322
математики;3;бакалавриат;323
математики;3;бакалавриат;324
математики;3;бакалавриат;343
математики;3;бакалавриат;344
математики;3;бакалавриат;351
математики;3;бакалавриат;361
математики;3;бакалавриат;371
математики;3;бакалавриат;341
математики;3;бакалавриат;342
математики;2;бакалавриат;221
математики;2;бакалавриат;222
математики;2;бакалавриат;223
математики;2;бакалавриат;224
математики;2;бакалавриат;241
математики;2;бакалавриат;242
математики;2;бакалавриат;243
математики;2;бакалавриат;244
математики;2;бакалавриат;251
математики;2;бакалавриат;261
математики;2;бакалавриат;271
математики;1;бакалавриат;121
математики;1;бакалавриат;122
математики;1;бакалавриат;123
математики;1;бакалавриат;124
математики;1;бакалавриат;141
математики;1;бакалавриат;142
математики;1;бакалавриат;143
математики;1;бакалавриат;144
математики;1;бакалавриат;151
математики;1;бакалавриат;171
математики;1;бакалавриат;101
математики;1;бакалавриат;102
математики;2;магистратура;646
математики;2;магистратура;661
математики;2;магистратура;651_гм
математики;2;магистратура;651_тм
математики;2;магистратура;651_ту
математики;2;магистратура;651_фм
математики;1;магистратура;501
математики;1;магистратура;546
математики;1;магистратура;551
математики;1;магистратура;561
математики;1;магистратура;571
математики;1;магистратура;521
математики;1;магистратура;522
математики;6;специалитет;6 курс (очно-заочная)
математики;5;специалитет;553
математики;5;специалитет;591_а
математики;5;специалитет;591_аф
математики;5;специалитет;591_нм
математики;4;специалитет;411
математики;4;специалитет;412
математики;4;специалитет;413
математики;4;специалитет;453
математики;4;специалитет;491
математики;4;специалитет;411_ма
математики;4;специалитет;412_мф
математики;3;специалитет;353
математики;3;специалитет;391
математики;3;специалитет;311
математики;3;специалитет;313
математики;2;специалитет;211
математики;2;специалитет;212
математики;2;специалитет;253
математики;2;специалитет;291
математики;1;специалитет;111
математики;1;специалитет;112
математики;1;специалитет;153
математики;1;специалитет;191
мед;6;специалитет;601
мед;6;специалитет;602
мед;6;специалитет;603
мед;6;специалитет;604
мед;6;специалитет;605
мед;6;специалитет;606
мед;6;специалитет;607
мед;6;специалитет;608
мед;5;специалитет;501
мед;5;специалитет;502
мед;5;специалитет;503
мед;5;специалитет;504
мед;5;специалитет;505
мед;5;специалитет;506
мед;5;специалитет;507
мед;5;специалитет;508
мед;5;специалитет;509
мед;5;специалитет;510
мед;4;специалитет;401
мед;4;специалитет;402
мед;4;специалитет;403
мед;4;специалитет;404
мед;4;специалитет;405
мед;4;специалитет;406
мед;4;специалитет;407
мед;4;специалитет;408
мед;4;специалитет;409
мед;4;специалитет;410
мед;4;специалитет;411
мед;4;специалитет;412
мед;3;специалитет;301
мед;3;специалитет;302
мед;3;специалитет;303
мед;3;специалитет;304
мед;3;специалитет;305
мед;3;специалитет;306
мед;3;специалитет;307
мед;3;специалитет;308
мед;3;специалитет;309
мед;3;специалитет;310
мед;3;специалитет;311
мед;3;специалитет;312
мед;2;специалитет;201
мед;2;специалитет;202
мед;2;специалитет;203
мед;2;специалитет;204
мед;2;специалитет;205
мед;2;специалитет;206
мед;2;специалитет;207
мед;2;специалитет;208
мед;2;специалитет;209
мед;2;специалитет;210
мед;2;специалитет;211
мед;2;специалитет;212
мед;1;специалитет;101
мед;1;специалитет;102
мед;1;специалитет;103
мед;1;специалитет;104
мед;1;специалитет;105
мед;1;специалитет;106
мед;1;специалитет;107
мед;1;специалитет;108
международные отношения;4;бакалавриат;4б МО-01
международные отношения;4;бакалавриат;4б МО-02
международные отношения;4;бакалавриат;4б МО-03
международные отношения;4;бакалавриат;4б МО-04
международные отношения;4;бакалавриат;4б МО-05
международные отношения;4;бакалавриат;4б МО-06
международные отношения;4;бакалавриат;4б МО-07
международные отношения;4;бакалавриат;4б МО-08
международные отношения;4;бакалавриат;4б МО-09
международные отношения;4;бакалавриат;4б МО-10
международные отношения;3;бакалавриат;3б МО Б-01
международные отношения;3;бакалавриат;3б МО Б-02
международные отношения;3;бакалавриат;3б МО ДГС-01
международные отношения;3;бакалавриат;3б МО ДГС-02
международные отношения;3;бакалавриат;3б МО ДГС-03
международные отношения;3;бакалавриат;3б МО ДГС-04
международные отношения;3;бакалавриат;3б МО НО-01
международные отношения;3;бакалавриат;3б МО НО-02
международные отношения;3;бакалавриат;3б МО НО-03
международные отношения;3;бакалавриат;3б МО НО-04
международные отношения;2;бакалавриат;2б МО Азия
международные отношения;2;бакалавриат;2б МО АИ
международные отношения;2;бакалавриат;2б МО ЕИ-01
международные отношения;2;бакалавриат;2б МО ЕИ-02
международные отношения;2;бакалавриат;2б МО ЕИ-03
международные отношения;2;бакалавриат;2б МО МП-01
международные отношения;2;бакалавриат;2б МО МП-02
международные отношения;2;бакалавриат;2б МО МП-03
международные отношения;2;бакалавриат;2б МО МП-04
международные отношения;1;бакалавриат;1б МО-01
международные отношения;1;бакалавриат;1б МО-02
международные отношения;1;бакалавриат;1б МО-03
международные отношения;1;бакалавриат;1б МО-04
международные отношения;1;бакалавриат;1б МО-05
международные отношения;1;бакалавриат;1б МО-06
международные отношения;1;бакалавриат;1б МО-07
международные отношения;1;бакалавриат;1б МО-08
международные отношения;1;бакалавриат;1б МО-09
международные отношения;1;бакалавриат;1б МО-10
международные отношения;2;магистратура;2 МАГ-PR
международные отношения;2;магистратура;2 МАГ-АИ
международные отношения;2;магистратура;2 МАГ-Д
международные отношения;2;магистратура;2 МАГ-ЕИ
международные отношения;2;магистратура;2 МАГ-ИБСС
международные отношения;2;магистратура;2 МАГ-ИМО
международные отношения;2;магистратура;2 МАГ-ИТР
международные отношения;2;магистратура;2 МАГ-МГС
международные отношения;2;магистратура;2 МАГ-МО(а)
международные отношения;2;магистратура;2 МАГ-МОПП
международные отношения;2;магистратура;2 МАГ-МП
международные отношения;2;магистратура;2 МАГ-СТР
международные отношения;2;магистратура;2 МАГ-ТМО
международные отношения;2;магистратура;2 МАГ-ЭКОЛ
международные отношения;1;магистратура;1 МАГ-PR
международные отношения;1;магистратура;1 МАГ-АИ
международные отношения;1;магистратура;1 МАГ-Д
международные отношения;1;магистратура;1 МАГ-ЕИ
международные отношения;1;магистратура;1 МАГ-ИБСС
международные отношения;1;магистратура;1 МАГ-ИМО
международные отношения;1;магистратура;1 МАГ-ИТР
международные отношения;1;магистратура;1 МАГ-МГС
международные отношения;1;магистратура;1 МАГ-МО(а)
международные отношения;1;магистратура;1 МАГ-МОПП
международные отношения;1;магистратура;1 МАГ-МП
международные отношения;1;магистратура;1 МАГ-СТР
международные отношения;1;магистратура;1 МАГ-ТМО
международные отношения;1;магистратура;1 МАГ-ЭКОЛ
менеджмента;4;бакалавриат;4 - ГМУ
менеджмента;4;бакалавриат;4 - Логистика
менеджмента;4;бакалавриат;4 - Маркетинг
менеджмента;4;бакалавриат;4 - ММ
менеджмента;4;бакалавриат;4 - УЧР
менеджмента;4;бакалавриат;4 - ФМ
менеджмента;3;бакалавриат;3 - ГМУ
менеджмента;3;бакалавриат;3 - ИМ
менеджмента;3;бакалавриат;3 - Логистика
менеджмента;3;бакалавриат;3 - Маркетинг
менеджмента;3;бакалавриат;3 - ММ
менеджмента;3;бакалавриат;3 - УЧР
менеджмента;3;бакалавриат;3 - ФМ
менеджмента;2;бакалавриат;2 - ГМУ8
менеджмента;2;бакалавриат;2 - М1
менеджмента;2;бакалавриат;2 - М2
менеджмента;2;бакалавриат;2 - М3
менеджмента;2;бакалавриат;2 - М4
менеджмента;2;бакалавриат;2 - М5
менеджмента;2;бакалавриат;2 - М6
менеджмента;2;бакалавриат;2 - М7
менеджмента;1;бакалавриат;1 - ГМУ
менеджмента;1;бакалавриат;1 - М1
менеджмента;1;бакалавриат;1 - М2
менеджмента;1;бакалавриат;1 - М3
менеджмента;1;бакалавриат;1 - М4
менеджмента;1;бакалавриат;1 - М5
менеджмента;1;бакалавриат;1 - М6
менеджмента;1;бакалавриат;1 - М7
менеджмента;1;бакалавриат;1 - М8
менеджмента;1;бакалавриат;1 - ММ
менеджмента;2;магистратура;MCF 2014
менеджмента;2;магистратура;MIM 2016
менеджмента;1;магистратура;MCF2017
менеджмента;1;магистратура;MIM 2017
менеджмента;1;магистратура;MPM 2017
пмпу;4;бакалавриат;401_пм
пмпу;4;бакалавриат;402_пм
пмпу;4;бакалавриат;403_пм
пмпу;4;бакалавриат;404_пм
пмпу;4;бакалавриат;405_пм
пмпу;4;бакалавриат;406_пм
пмпу;4;бакалавриат;407_пм
пмпу;4;бакалавриат;408_пм
пмпу;4;бакалавриат;409_пм
пмпу;4;бакалавриат;410_пм
пмпу;4;бакалавриат;411_пм
пмпу;4;бакалавриат;431_ит
пмпу;4;бакалавриат;432_ит
пмпу;4;бакалавриат;433_ит
пмпу;4;бакалавриат;491_пф
пмпу;4;бакалавриат;492_пф
пмпу;3;бакалавриат;301_пм
пмпу;3;бакалавриат;302_пм
пмпу;3;бакалавриат;303_пм
пмпу;3;бакалавриат;304_пм
пмпу;3;бакалавриат;305_пм
пмпу;3;бакалавриат;306_пм
пмпу;3;бакалавриат;307_пм
пмпу;3;бакалавриат;308_пм
пмпу;3;бакалавриат;309_пм
пмпу;3;бакалавриат;310_пм
пмпу;3;бакалавриат;331_ит
пмпу;3;бакалавриат;332_ит
пмпу;3;бакалавриат;333_ит
пмпу;3;бакалавриат;391_пф
пмпу;3;бакалавриат;392_пф
пмпу;2;бакалавриат;201_пм
пмпу;2;бакалавриат;202_пм
пмпу;2;бакалавриат;203_пм
пмпу;2;бакалавриат;204_пм
пмпу;2;бакалавриат;205_пм
пмпу;2;бакалавриат;206_пм
пмпу;2;бакалавриат;207_пм
пмпу;2;бакалавриат;208_пм
пмпу;2;бакалавриат;209_пм
пмпу;2;бакалавриат;210_пм
пмпу;2;бакалавриат;211_пм
пмпу;2;бакалавриат;212_пм
пмпу;2;бакалавриат;231_ит
пмпу;2;бакалавриат;232_ит
пмпу;2;бакалавриат;233_ит
пмпу;2;бакалавриат;291_пф
пмпу;2;бакалавриат;292_пф
пмпу;1;бакалавриат;101_пм
пмпу;1;бакалавриат;102_пм
пмпу;1;бакалавриат;103_пм
пмпу;1;бакалавриат;104_пм
пмпу;1;бакалавриат;105_пм
пмпу;1;бакалавриат;106_пм
пмпу;1;бакалавриат;107_пм
пмпу;1;бакалавриат;108_пм
пмпу;1;бакалавриат;109_пм
пмпу;1;бакалавриат;110_пм
пмпу;1;бакалавриат;131_ит
пмпу;1;бакалавриат;132_ит
пмпу;1;бакалавриат;133_ит
пмпу;1;бакалавриат;191_пф
пмпу;1;бакалавриат;192_пф
пмпу;2;магистратура;6_3_1
пмпу;2;магистратура;6_3_2
пмпу;2;магистратура;6_3_3
пмпу;2;магистратура;6_4_1
пмпу;2;магистратура;6_4_2
пмпу;2;магистратура;6_4_3
пмпу;2;магистратура;6_9_1
пмпу;2;магистратура;6_9_2
пмпу;1;магистратура;5_3_1
пмпу;1;магистратура;5_3_2
пмпу;1;магистратура;5_3_3
пмпу;1;магистратура;5_4_1
пмпу;1;магистратура;5_4_2
пмпу;1;магистратура;5_4_3
пмпу;1;магистратура;5_4_4
пмпу;1;магистратура;5_4_5
пмпу;1;магистратура;5_4_6
пмпу;1;магистратура;5_4_7
пмпу;1;магистратура;5_9_1
пмпу;1;магистратура;5_9_2
пмпу;6;специалитет;6_ВК
политологии;4;бакалавриат;4 - Мировая политика и международные отношения
политологии;4;бакалавриат;4 - Политическое управление
политологии;4;бакалавриат;4 - Прикладная политология
политологии;4;бакалавриат;4 - Российская политика
политологии;4;бакалавриат;4 - Сравнительная политология
политологии;4;бакалавриат;4 - Теория политики
политологии;4;бакалавриат;04.янв
политологии;4;бакалавриат;04.фев
политологии;4;бакалавриат;04.мар
политологии;4;бакалавриат;04.апр
политологии;3;бакалавриат;3 - Мировая политика и международные отношения
политологии;3;бакалавриат;3 - Политическое управление
политологии;3;бакалавриат;3 - Прикладная политология
политологии;3;бакалавриат;3 - Российская политика
политологии;3;бакалавриат;3 - Сравнительная политология
политологии;3;бакалавриат;3 - Теория политики
политологии;3;бакалавриат;03.янв
политологии;3;бакалавриат;03.фев
политологии;3;бакалавриат;03.мар
политологии;3;бакалавриат;03.апр
политологии;2;бакалавриат;02.янв
политологии;2;бакалавриат;02.фев
политологии;2;бакалавриат;02.мар
политологии;2;бакалавриат;02.апр
политологии;1;бакалавриат;01.янв
политологии;1;бакалавриат;01.фев
политологии;1;бакалавриат;01.мар
политологии;1;бакалавриат;01.апр
политологии;2;магистратура;2М - Организация отношений с органами государственной власти
политологии;2;магистратура;2М - Политические коммуникации и технологии гражданского образования
политологии;2;магистратура;2М - Политический процесс в России
политологии;2;магистратура;2М - Политическое управление и публичная политика (на английском языке)
политологии;2;магистратура;2М - Прикладная политология
политологии;2;магистратура;2М - Теория мирового политического процесса и международных отношений
политологии;1;магистратура;1М -  Политический процесс в России
политологии;1;магистратура;1М - Организация отношений с органами государственной власти
политологии;1;магистратура;1М - Политические коммуникации и технологии гражданского образования
политологии;1;магистратура;1М - Политическое управление и публичная политика (на английском языке)
политологии;1;магистратура;1М - Прикладная политология
политологии;1;магистратура;1М - Этнополитические процессы в современной России и мире
психологии;4;бакалавриат;44б
психологии;4;бакалавриат;45б
психологии;4;бакалавриат;46б
психологии;3;бакалавриат;34б
психологии;3;бакалавриат;35б
психологии;3;бакалавриат;36б
психологии;2;бакалавриат;24б
психологии;2;бакалавриат;25б
психологии;2;бакалавриат;26б
психологии;1;бакалавриат;14б
психологии;1;бакалавриат;15б
психологии;1;бакалавриат;16б
психологии;2;магистратура;Консультативная психология
психологии;2;магистратура;Общая психология
психологии;2;магистратура;Онтопсихология
психологии;2;магистратура;Организационная психология
психологии;2;магистратура;Политическая психология
психологии;2;магистратура;Психическое здоровье детей
психологии;2;магистратура;Психология личности
психологии;2;магистратура;Психология менеджмента
психологии;2;магистратура;Психология развития
психологии;2;магистратура;Психология специального образования
психологии;2;магистратура;Социальная психология
психологии;1;магистратура;Консультативная психология
психологии;1;магистратура;Общая психология
психологии;1;магистратура;Онтопсихология
психологии;1;магистратура;Организационная психология
психологии;1;магистратура;Политическая психология
психологии;1;магистратура;Психическое здоровье детей
психологии;1;магистратура;Психология личности
психологии;1;магистратура;Психология менеджмента
психологии;1;магистратура;Психология образования
психологии;1;магистратура;Психология развития
психологии;1;магистратура;Психология специального образования
психологии;1;магистратура;Социальная психология
психологии;6;специалитет;6конс
психологии;6;специалитет;6криз
психологии;6;специалитет;6млад
психологии;5;специалитет;51конс
психологии;5;специалитет;52криз
психологии;5;специалитет;52млад
психологии;5;специалитет;53пов
психологии;5;специалитет;53спорт
психологии;5;специалитет;53суд
психологии;5;специалитет;5КлинПД
психологии;5;специалитет;5КлинЭС
психологии;4;специалитет;41конс
психологии;4;специалитет;42криз
психологии;4;специалитет;42млад
психологии;4;специалитет;43пов
психологии;4;специалитет;43спорт
психологии;4;специалитет;43суд
психологии;4;специалитет;4КлинПД
психологии;4;специалитет;4КлинЭС
психологии;3;специалитет;31конс
психологии;3;специалитет;32криз
психологии;3;специалитет;32млад
психологии;3;специалитет;33пов
психологии;3;специалитет;33спотр
психологии;3;специалитет;33суд
психологии;2;специалитет;21к
психологии;2;специалитет;22к
психологии;2;специалитет;23к
психологии;1;специалитет;11к
психологии;1;специалитет;12к
психологии;1;специалитет;13к
психологии;1;специалитет;17с
стоматологии;5;специалитет;521
стоматологии;5;специалитет;522
стоматологии;5;специалитет;523
стоматологии;5;специалитет;524
стоматологии;4;специалитет;421
стоматологии;4;специалитет;422
стоматологии;4;специалитет;423
стоматологии;4;специалитет;424
стоматологии;4;специалитет;425
стоматологии;4;специалитет;426
стоматологии;3;специалитет;321
стоматологии;3;специалитет;322
стоматологии;3;специалитет;323
стоматологии;3;специалитет;324
стоматологии;3;специалитет;325
стоматологии;3;специалитет;326
стоматологии;3;специалитет;327
стоматологии;3;специалитет;328
стоматологии;2;специалитет;221
стоматологии;2;специалитет;222
стоматологии;2;специалитет;223
стоматологии;2;специалитет;224
стоматологии;2;специалитет;225
стоматологии;2;специалитет;226
стоматологии;2;специалитет;227
стоматологии;2;специалитет;228
стоматологии;1;специалитет;121
стоматологии;1;специалитет;122
стоматологии;1;специалитет;123
стоматологии;1;специалитет;124
физики;4;бакалавриат;401
физики;4;бакалавриат;402
физики;4;бакалавриат;403
физики;4;бакалавриат;404
физики;4;бакалавриат;406
физики;4;бакалавриат;407
физики;4;бакалавриат;408
физики;4;бакалавриат;409
физики;4;бакалавриат;410
физики;4;бакалавриат;411
физики;4;бакалавриат;412
физики;4;бакалавриат;413
физики;4;бакалавриат;414
физики;4;бакалавриат;415
физики;4;бакалавриат;416
физики;4;бакалавриат;417
физики;4;бакалавриат;418
физики;4;бакалавриат;419
физики;4;бакалавриат;420
физики;4;бакалавриат;423
физики;4;бакалавриат;425
физики;4;бакалавриат;426
физики;4;бакалавриат;427
физики;3;бакалавриат;301
физики;3;бакалавриат;302
физики;3;бакалавриат;303
физики;3;бакалавриат;304
физики;3;бакалавриат;305
физики;3;бакалавриат;306
физики;3;бакалавриат;307
физики;3;бакалавриат;308
физики;3;бакалавриат;309
физики;3;бакалавриат;310
физики;3;бакалавриат;311
физики;3;бакалавриат;312
физики;3;бакалавриат;313
физики;3;бакалавриат;314
физики;3;бакалавриат;315
физики;3;бакалавриат;316
физики;3;бакалавриат;317
физики;3;бакалавриат;318
физики;3;бакалавриат;319
физики;3;бакалавриат;320
физики;3;бакалавриат;321
физики;3;бакалавриат;322
физики;3;бакалавриат;323
физики;3;бакалавриат;324
физики;3;бакалавриат;325
физики;2;бакалавриат;201
физики;2;бакалавриат;202
физики;2;бакалавриат;203
физики;2;бакалавриат;204
физики;2;бакалавриат;205
физики;2;бакалавриат;206
физики;2;бакалавриат;207
физики;2;бакалавриат;208
физики;2;бакалавриат;211
физики;2;бакалавриат;212
физики;2;бакалавриат;213
физики;2;бакалавриат;214
физики;2;бакалавриат;215
физики;1;бакалавриат;101
физики;1;бакалавриат;102
физики;1;бакалавриат;103
физики;1;бакалавриат;104
физики;1;бакалавриат;105
физики;1;бакалавриат;106
физики;1;бакалавриат;107
физики;1;бакалавриат;108
физики;1;бакалавриат;109
физики;1;бакалавриат;110
физики;2;магистратура;601Ф
физики;2;магистратура;606Ф
физики;2;магистратура;607Ф-В
физики;2;магистратура;607Ф-М
физики;2;магистратура;609Ф
физики;2;магистратура;613ПМФ
физики;2;магистратура;616ПМФ
физики;2;магистратура;617ПМФ-Выч
физики;2;магистратура;617ПМФ-КМЯ
физики;2;магистратура;625Ф
физики;2;магистратура;626Ф
физики;2;магистратура;627Ф-ВЭ
физики;2;магистратура;627Ф-КМ
физики;2;магистратура;627Ф-Стат
физики;2;магистратура;628Ф
физики;2;магистратура;631Ф
физики;2;магистратура;632Ф
физики;2;магистратура;632Ф-ТТ
физики;2;магистратура;634Ф
физики;1;магистратура;507Ф
физики;1;магистратура;509Ф
физики;1;магистратура;513ПМФ
физики;1;магистратура;518ПМФ
физики;1;магистратура;523Ф
физики;1;магистратура;525Ф
физики;1;магистратура;526Ф
физики;1;магистратура;527Ф
физики;1;магистратура;528Ф
физики;1;магистратура;531Ф
физики;1;магистратура;532Ф
физики;1;магистратура;533Ф
физики;1;магистратура;534Ф
филологии;4;бакалавриат;41а
филологии;4;бакалавриат;41а-ИНО
филологии;4;бакалавриат;41алб
филологии;4;бакалавриат;41б
филологии;4;бакалавриат;41бо
филологии;4;бакалавриат;41боа
филологии;4;бакалавриат;41да
филологии;4;бакалавриат;41злф
филологии;4;бакалавриат;41ис
филологии;4;бакалавриат;41исп
филологии;4;бакалавриат;41ит
филологии;4;бакалавриат;41кл
филологии;4;бакалавриат;41лг
филологии;4;бакалавриат;41ли
филологии;4;бакалавриат;41мк
филологии;4;бакалавриат;41но
филологии;4;бакалавриат;41нп
филологии;4;бакалавриат;41по
филологии;4;бакалавриат;41р
филологии;4;бакалавриат;41рки
филологии;4;бакалавриат;41рки- ИНО
филологии;4;бакалавриат;41тя
филологии;4;бакалавриат;41фи
филологии;4;бакалавриат;41фн
филологии;4;бакалавриат;41фп
филологии;4;бакалавриат;41фр
филологии;4;бакалавриат;41ча
филологии;4;бакалавриат;41яа
филологии;4;бакалавриат;42а
филологии;4;бакалавриат;42ит
филологии;4;бакалавриат;42лг
филологии;4;бакалавриат;42мк
филологии;4;бакалавриат;42р
филологии;4;бакалавриат;42рки- ИНО
филологии;4;бакалавриат;43а
филологии;4;бакалавриат;43мк
филологии;4;бакалавриат;43н
филологии;4;бакалавриат;43р
филологии;4;бакалавриат;44р
филологии;4;бакалавриат;45р
филологии;4;бакалавриат;47а
филологии;4;бакалавриат;48а
филологии;4;бакалавриат;49а
филологии;3;бакалавриат;31а
филологии;3;бакалавриат;31а-ИНО
филологии;3;бакалавриат;31б
филологии;3;бакалавриат;31ве
филологии;3;бакалавриат;31ис
филологии;3;бакалавриат;31исп
филологии;3;бакалавриат;31ит
филологии;3;бакалавриат;31кл
филологии;3;бакалавриат;31лат
филологии;3;бакалавриат;31лг
филологии;3;бакалавриат;31мк
филологии;3;бакалавриат;31н
филологии;3;бакалавриат;31нг
филологии;3;бакалавриат;31ни
филологии;3;бакалавриат;31нп
филологии;3;бакалавриат;31р
филологии;3;бакалавриат;31рки
филологии;3;бакалавриат;31рки- ИНО
филологии;3;бакалавриат;31рум
филологии;3;бакалавриат;31сба
филологии;3;бакалавриат;31тя
филологии;3;бакалавриат;31фн
филологии;3;бакалавриат;31фп
филологии;3;бакалавриат;31фр
филологии;3;бакалавриат;31шв
филологии;3;бакалавриат;31ян
филологии;3;бакалавриат;32а
филологии;3;бакалавриат;32ит
филологии;3;бакалавриат;32мк
филологии;3;бакалавриат;32р
филологии;3;бакалавриат;33а
филологии;3;бакалавриат;33н
филологии;3;бакалавриат;33р
филологии;3;бакалавриат;34р
филологии;3;бакалавриат;35р
филологии;3;бакалавриат;37а
филологии;3;бакалавриат;38а
филологии;3;бакалавриат;3ВВ1
филологии;3;бакалавриат;3ВВ2
филологии;2;бакалавриат;21а
филологии;2;бакалавриат;21а -ИНО
филологии;2;бакалавриат;21ал
филологии;2;бакалавриат;21б
филологии;2;бакалавриат;21да
филологии;2;бакалавриат;21зли
филологии;2;бакалавриат;21ис
филологии;2;бакалавриат;21исп
филологии;2;бакалавриат;21ит
филологии;2;бакалавриат;21кл
филологии;2;бакалавриат;21лг
филологии;2;бакалавриат;21ли
филологии;2;бакалавриат;21мк
филологии;2;бакалавриат;21ни
филологии;2;бакалавриат;21нп
филологии;2;бакалавриат;21пр
филологии;2;бакалавриат;21р
филологии;2;бакалавриат;21РКИ
филологии;2;бакалавриат;21рки- ИНО
филологии;2;бакалавриат;21тя
филологии;2;бакалавриат;21ун
филологии;2;бакалавриат;21фин
филологии;2;бакалавриат;21фн
филологии;2;бакалавриат;21фп
филологии;2;бакалавриат;21яа
филологии;2;бакалавриат;22а
филологии;2;бакалавриат;22а-ИНО
филологии;2;бакалавриат;22лг
филологии;2;бакалавриат;22мк
филологии;2;бакалавриат;22р
филологии;2;бакалавриат;22рки- ИНО
филологии;2;бакалавриат;22тя
филологии;2;бакалавриат;23а
филологии;2;бакалавриат;23н
филологии;2;бакалавриат;23р
филологии;2;бакалавриат;23рки- ИНО
филологии;2;бакалавриат;24а
филологии;2;бакалавриат;24р
филологии;2;бакалавриат;25а
филологии;2;бакалавриат;27а
филологии;2;бакалавриат;28а
филологии;2;бакалавриат;2ВВ1
филологии;2;бакалавриат;2ВВ2
филологии;2;бакалавриат;2ВВ3
филологии;2;бакалавриат;2ВВ4
филологии;1;бакалавриат;11а
филологии;1;бакалавриат;11а-ИНО
филологии;1;бакалавриат;11зла
филологии;1;бакалавриат;11ис
филологии;1;бакалавриат;11ит
филологии;1;бакалавриат;11кл
филологии;1;бакалавриат;11лат
филологии;1;бакалавриат;11лг
филологии;1;бакалавриат;11мк
филологии;1;бакалавриат;11н
филологии;1;бакалавриат;11нг
филологии;1;бакалавриат;11но
филологии;1;бакалавриат;11нп
филологии;1;бакалавриат;11р
филологии;1;бакалавриат;11рки
филологии;1;бакалавриат;11рки- ИНО
филологии;1;бакалавриат;11тя
филологии;1;бакалавриат;11фн
филологии;1;бакалавриат;11фп
филологии;1;бакалавриат;11фр
филологии;1;бакалавриат;11чеш
филологии;1;бакалавриат;11шв
филологии;1;бакалавриат;11эст
филологии;1;бакалавриат;11ян
филологии;1;бакалавриат;12а
филологии;1;бакалавриат;12а- ИНО
филологии;1;бакалавриат;12ис
филологии;1;бакалавриат;12лг
филологии;1;бакалавриат;12мк
филологии;1;бакалавриат;12р
филологии;1;бакалавриат;12рки- ИНО
филологии;1;бакалавриат;12тя
филологии;1;бакалавриат;13а
филологии;1;бакалавриат;13н
филологии;1;бакалавриат;13р
филологии;1;бакалавриат;14а
филологии;1;бакалавриат;14р
филологии;1;бакалавриат;15а
филологии;1;бакалавриат;17а
филологии;1;бакалавриат;18а
филологии;1;бакалавриат;1ВВ1
филологии;1;бакалавриат;1ВВ2
филологии;1;бакалавриат;1ВВ3
филологии;1;бакалавриат;1ВВ4
филологии;2;магистратура;21МлДискурсАнгл
филологии;2;магистратура;21МлРКИ
филологии;2;магистратура;21МлТПМЯКангл
филологии;2;магистратура;22МлТПМЯКангл
филологии;2;магистратура;23МлТПМЯКангл
филологии;2;магистратура;2МлИнновИсп
филологии;2;магистратура;2МлИнновИт
филологии;2;магистратура;2МлИнновФр
филологии;2;магистратура;2МлИнЯзПрофКомНорв
филологии;2;магистратура;2МлИнЯзПрофКомШв
филологии;2;магистратура;2МлКомпЛингв
филологии;2;магистратура;2МлЛингвокульт
филологии;2;магистратура;2МлМалЯз
филологии;2;магистратура;2МлМентЛингв
филологии;2;магистратура;2МлМККнем
филологии;2;магистратура;2МлНемВербКомм
филологии;2;магистратура;2МлПолевЛингв
филологии;2;магистратура;2МлПсих
филологии;2;магистратура;2МлРечТех
филологии;2;магистратура;2МлРомЯзИсп
филологии;2;магистратура;2МлРомЯзИтал
филологии;2;магистратура;2МлРомЯзПорт
филологии;2;магистратура;2МлРомЯзРум
филологии;2;магистратура;2МлРомЯзФр
филологии;2;магистратура;2МлРусСинхДиах
филологии;2;магистратура;2МлСкандНид
филологии;2;магистратура;2МлСкандШв
филологии;2;магистратура;2МлСоврТехнЯзВозд
филологии;2;магистратура;2МлСоц
филологии;2;магистратура;2МлТеорОбучИнЯз
филологии;2;магистратура;2МлТПМЯКнем
филологии;2;магистратура;2МлТяСравнПоэт
филологии;2;магистратура;2МлЮрИнновангл
филологии;2;магистратура;2МлЯзБибл
филологии;2;магистратура;2Мф   АЛЗК
филологии;2;магистратура;2МфВизан
филологии;2;магистратура;2МфЗарЛит
филологии;2;магистратура;2МфИКВеликобрит
филологии;2;магистратура;2МфИКГерм
филологии;2;магистратура;2МфИКСША
филологии;2;магистратура;2МфКласс
филологии;2;магистратура;2МфНеол
филологии;2;магистратура;2МфОбрМенедж
филологии;2;магистратура;2МфРедКрит
филологии;2;магистратура;2МфРусЛит
филологии;2;магистратура;2МфСлавГермКом
филологии;2;магистратура;2МфСлавФил
филологии;2;магистратура;2МфСлавЯз
филологии;2;магистратура;2МфСравнЛит
филологии;2;магистратура;2МфТеорЛит
филологии;2;магистратура;2МфФольк
филологии;1;магистратура;1МлБалтЯз
филологии;1;магистратура;1МлДикурсАнглЯз
филологии;1;магистратура;1МлИндоевроп
филологии;1;магистратура;1МлИнновИсп
филологии;1;магистратура;1МлИнновИт
филологии;1;магистратура;1МлИнновФр
филологии;1;магистратура;1МлИнновЮрПер
филологии;1;магистратура;1МлИнЯзПрофКомДатсЯз
филологии;1;магистратура;1МлИнЯзПрофКомФрЯз
филологии;1;магистратура;1МлКомпЛингв
филологии;1;магистратура;1МлЛингвокультВелСША
филологии;1;магистратура;1МлМентЛингв
филологии;1;магистратура;1МлМККИнЯз
филологии;1;магистратура;1МлМККнем
филологии;1;магистратура;1МлНемВербКомм
филологии;1;магистратура;1МлПолевЛингв
филологии;1;магистратура;1МлПроблСкандНорвЯз
филологии;1;магистратура;1МлПроблСкандШведЯз
филологии;1;магистратура;1МлПрофКомНемЯз
филологии;1;магистратура;1МлПрофКомНидерЯз
филологии;1;магистратура;1МлПсих
филологии;1;магистратура;1МлРКИ
филологии;1;магистратура;1МлРКИ-ИНО-2
филологии;1;магистратура;1МлРКИ-ИНО-3
филологии;1;магистратура;1МлРКИ-ИНО-4
филологии;1;магистратура;1МлРомЯзИсп
филологии;1;магистратура;1МлРомЯзИт
филологии;1;магистратура;1МлРомЯзПорт
филологии;1;магистратура;1МлРомЯзФр
филологии;1;магистратура;1МлРусСинхДиах
филологии;1;магистратура;1МлСоврТехнЯзВозд
филологии;1;магистратура;1МлСоц
филологии;1;магистратура;1МлТПМЯК англ.-2
филологии;1;магистратура;1МлТПМЯК англ.-3
филологии;1;магистратура;1МлТПМЯКангл.-1
филологии;1;магистратура;1МлТПМЯКнем
филологии;1;магистратура;1МлТЯСравнПоэт
филологии;1;магистратура;1МлЭстЯз
филологии;1;магистратура;1МлЮрЛингв
филологии;1;магистратура;1МлЯзБибл
филологии;1;магистратура;1МфАЛЗК
филологии;1;магистратура;1МфВизан
филологии;1;магистратура;1МфИК США
филологии;1;магистратура;1МфИкВБрит
филологии;1;магистратура;1МфИКГерм
филологии;1;магистратура;1МфИкИсп
филологии;1;магистратура;1МфИКФранц
филологии;1;магистратура;1МфКласс
филологии;1;магистратура;1МфЛНЗС
филологии;1;магистратура;1МфНеоэл
филологии;1;магистратура;1МфОбрМенедж
филологии;1;магистратура;1МфРедКрит
филологии;1;магистратура;1МфРусЛит
филологии;1;магистратура;1МфРусЛит- ИНО
филологии;1;магистратура;1МфСлавГермКомп
филологии;1;магистратура;1МфСлавФил
филологии;1;магистратура;1МфСлавЯз
филологии;1;магистратура;1МфСравнЛит
филологии;1;магистратура;1МФСУ
филологии;1;магистратура;1МфТеорЛит
филологии;1;магистратура;1МфФольк
философии;4;бакалавриат;4б Культ Еврейская культура
философии;4;бакалавриат;4б Культ Китайская культура
философии;4;бакалавриат;4б Культ Культура Германии
философии;4;бакалавриат;4б Культ Культура Италии
философии;4;бакалавриат;4б Кф1
философии;4;бакалавриат;4б Кф2
философии;4;бакалавриат;4б Муз
философии;4;бакалавриат;4б ПЭ
философии;4;бакалавриат;4б Р
философии;4;бакалавриат;4б Фс1
философии;4;бакалавриат;4б Фс2
философии;3;бакалавриат;3б Культ Индийская культура
философии;3;бакалавриат;3б Культ Китайская культура
философии;3;бакалавриат;3б Культ Культура Германии
философии;3;бакалавриат;3б Культ Культура Италии
философии;3;бакалавриат;3б Кф1
философии;3;бакалавриат;3б Кф2
философии;3;бакалавриат;3б Муз
философии;3;бакалавриат;3б Р
философии;3;бакалавриат;3б Фс1
философии;3;бакалавриат;3б Фс2
философии;2;бакалавриат;2б Культ Арабо-мусульманская культура
философии;2;бакалавриат;2б Культ Китайская культура
философии;2;бакалавриат;2б Культ Культура Германии
философии;2;бакалавриат;2б Кф
философии;2;бакалавриат;2б Муз
философии;2;бакалавриат;2б ПЭ
философии;2;бакалавриат;2б Р
философии;2;бакалавриат;2б Фс1
философии;2;бакалавриат;2б Фс2
философии;1;бакалавриат;1б Культ Еврейская культура
философии;1;бакалавриат;1б Культ Китайская культура
философии;1;бакалавриат;1б Культ Культура Италии
философии;1;бакалавриат;1б Кф
философии;1;бакалавриат;1б Муз
философии;1;бакалавриат;1б Р
философии;1;бакалавриат;1б Фс1
философии;1;бакалавриат;1б Фс2
философии;2;магистратура;2М Культ Культура евреев в древности и в Средние века
философии;2;магистратура;2М Культ Мифодизайн социокультурной реальности
философии;2;магистратура;2М Культ Русская культура
философии;2;магистратура;2М Кф Анализ и управление конфликтом
философии;2;магистратура;2М Кф Политическая конфликтология
философии;2;магистратура;2М Кф Технологии урегулирования конфликтов посредством переговоров
философии;2;магистратура;2М Муз
философии;2;магистратура;2М ПЭ
философии;2;магистратура;2М Р История религий
философии;2;магистратура;2М Р Религиозная философия
философии;2;магистратура;2М Фс Логика аргументация коммуникация
философии;2;магистратура;2М Фс Философия политики и права
философии;2;магистратура;2М Фс Философские традиции Востока
философии;1;магистратура;1Маг Культ Культура медиа
философии;1;магистратура;1Маг Культ Русская культура
философии;1;магистратура;1Маг Культ Художественная культура Востока
философии;1;магистратура;1Маг КФ Анализ и управление конфликтом
философии;1;магистратура;1Маг Кф Политическая конфликтология
философии;1;магистратура;1Маг Кф Технологии урегулирования конфликтов посредством переговоров
философии;1;магистратура;1Маг Муз Визуальные технологии в музее
философии;1;магистратура;1Маг ПЭ
философии;1;магистратура;1Маг Р История религий
философии;1;магистратура;1Маг Р Религиозная философия
философии;1;магистратура;1Маг Фс Немецкая философия
философии;1;магистратура;1Маг Фс Практическая философия
философии;1;магистратура;1Маг Фс Философия политики и права
философии;1;магистратура;1Маг Фс Философская антропология
химии;4;бакалавриат;4б АХ
химии;4;бакалавриат;4б Б
химии;4;бакалавриат;4б КвХ
химии;4;бакалавриат;4б М
химии;4;бакалавриат;4б НХ
химии;4;бакалавриат;4б ОХ
химии;4;бакалавриат;4б ПЯ
химии;4;бакалавриат;4б Р
химии;4;бакалавриат;4б ФХ
химии;4;бакалавриат;4б ХТТ
химии;4;бакалавриат;4б Э
химии;3;бакалавриат;31
химии;3;бакалавриат;32
химии;3;бакалавриат;33
химии;3;бакалавриат;34
химии;3;бакалавриат;35
химии;2;бакалавриат;21
химии;2;бакалавриат;22
химии;2;бакалавриат;23
химии;2;бакалавриат;24
химии;2;бакалавриат;25
химии;1;бакалавриат;11
химии;1;бакалавриат;12
химии;1;бакалавриат;13
химии;1;бакалавриат;14
химии;1;бакалавриат;15
химии;2;магистратура;АХ
химии;2;магистратура;ВМС
химии;2;магистратура;М ХТК
химии;2;магистратура;М ХТТ1
химии;2;магистратура;М ХТТ2
химии;2;магистратура;МОЭР
химии;2;магистратура;ОА
химии;2;магистратура;ОС
химии;2;магистратура;ФХ
химии;2;магистратура;ХТК
химии;2;магистратура;ЭЛ
химии;1;магистратура;М
химии;1;магистратура;Х
химии;6;специалитет;ВО 6 АХ
химии;6;специалитет;ВО 6 Колл
химии;6;специалитет;ВО 6 НХ
химии;6;специалитет;ВО 6 РХ
химии;5;специалитет;5с АХ
химии;5;специалитет;5с ИОИ
химии;5;специалитет;5с Колл
химии;5;специалитет;5с МОЭР
химии;5;специалитет;5с ОА
химии;5;специалитет;5с ОС
химии;5;специалитет;5с ПЯ
химии;5;специалитет;5с СХ
химии;5;специалитет;5с ФХ
химии;5;специалитет;5с ХТК
химии;4;специалитет;4с АХ
химии;4;специалитет;4с МОЭР
химии;4;специалитет;4с НХ
химии;4;специалитет;4с ОС
юриспруденции;4;бакалавриат;1
юриспруденции;4;бакалавриат;10
юриспруденции;4;бакалавриат;2
юриспруденции;4;бакалавриат;3
юриспруденции;4;бакалавриат;4
юриспруденции;4;бакалавриат;5
юриспруденции;4;бакалавриат;6
юриспруденции;4;бакалавриат;7
юриспруденции;4;бакалавриат;8
юриспруденции;4;бакалавриат;9
юриспруденции;3;бакалавриат;1
юриспруденции;3;бакалавриат;10
юриспруденции;3;бакалавриат;11
юриспруденции;3;бакалавриат;12
юриспруденции;3;бакалавриат;2
юриспруденции;3;бакалавриат;3
юриспруденции;3;бакалавриат;4
юриспруденции;3;бакалавриат;5
юриспруденции;3;бакалавриат;6
юриспруденции;3;бакалавриат;7
юриспруденции;3;бакалавриат;8
юриспруденции;3;бакалавриат;9
юриспруденции;2;бакалавриат;1
юриспруденции;2;бакалавриат;10
юриспруденции;2;бакалавриат;11
юриспруденции;2;бакалавриат;12
юриспруденции;2;бакалавриат;2
юриспруденции;2;бакалавриат;3
юриспруденции;2;бакалавриат;4
юриспруденции;2;бакалавриат;5
юриспруденции;2;бакалавриат;6
юриспруденции;2;бакалавриат;7
юриспруденции;2;бакалавриат;8
юриспруденции;2;бакалавриат;9
юриспруденции;1;бакалавриат;1
юриспруденции;1;бакалавриат;10
юриспруденции;1;бакалавриат;2
юриспруденции;1;бакалавриат;3
юриспруденции;1;бакалавриат;4
юриспруденции;1;бакалавриат;5
юриспруденции;1;бакалавриат;6
юриспруденции;1;бакалавриат;7
юриспруденции;1;бакалавриат;8
юриспруденции;1;бакалавриат;9
юриспруденции;2;магистратура;30901
юриспруденции;2;магистратура;30903
юриспруденции;2;магистратура;30905
юриспруденции;2;магистратура;30907
юриспруденции;2;магистратура;30909
юриспруденции;2;магистратура;30910
юриспруденции;2;магистратура;30914
юриспруденции;2;магистратура;30918
юриспруденции;2;магистратура;30919
юриспруденции;2;магистратура;30920
юриспруденции;2;магистратура;30921
юриспруденции;2;магистратура;30922
юриспруденции;2;магистратура;30923
юриспруденции;2;магистратура;30924
юриспруденции;1;магистратура;30901
юриспруденции;1;магистратура;30903
юриспруденции;1;магистратура;30905
юриспруденции;1;магистратура;30907
юриспруденции;1;магистратура;30909
юриспруденции;1;магистратура;30910
юриспруденции;1;магистратура;30914
юриспруденции;1;магистратура;30918
юриспруденции;1;магистратура;30919
юриспруденции;1;магистратура;30920
юриспруденции;1;магистратура;30921
юриспруденции;1;магистратура;30922
юриспруденции;1;магистратура;30923
юриспруденции;1;магистратура;30924
экономический;4;бакалавриат;БИ-4
экономический;4;бакалавриат;МиСМЭ-4
экономический;4;бакалавриат;МО-4
экономический;4;бакалавриат;МЭОиМБ-41
экономический;4;бакалавриат;МЭОиМБ-42
экономический;4;бакалавриат;ФКСиУ-41
экономический;4;бакалавриат;ФКСиУ-42
экономический;4;бакалавриат;ФКСиУ-43
экономический;4;бакалавриат;ЭПП-4
экономический;4;бакалавриат;ЭФиУИ-41
экономический;4;бакалавриат;ЭФиУИ-42
экономический;4;бакалавриат;ЭФиУИ-43
экономический;3;бакалавриат;БВ-3
экономический;3;бакалавриат;БИ-3
экономический;3;бакалавриат;БМ-3
экономический;3;бакалавриат;МиСМЭ-3
экономический;3;бакалавриат;МО-31
экономический;3;бакалавриат;МО-32
экономический;3;бакалавриат;МЭОиМБ-31
экономический;3;бакалавриат;МЭОиМБ-32
экономический;3;бакалавриат;УП-3
экономический;3;бакалавриат;Управление персоналом
экономический;3;бакалавриат;ФКСиУ-31
экономический;3;бакалавриат;ФКСиУ-32
экономический;3;бакалавриат;ЭПП-3
экономический;3;бакалавриат;ЭФиУИ-31
экономический;3;бакалавриат;ЭФиУИ-32
экономический;2;бакалавриат;БВ-2
экономический;2;бакалавриат;БИ-2
экономический;2;бакалавриат;БМ-2
экономический;2;бакалавриат;УП-2
экономический;2;бакалавриат;Э-211
экономический;2;бакалавриат;Э-212
экономический;2;бакалавриат;Э-213
экономический;2;бакалавриат;Э-221
экономический;2;бакалавриат;Э-222
экономический;2;бакалавриат;Э-223
экономический;2;бакалавриат;Э-231
экономический;2;бакалавриат;Э-232
экономический;2;бакалавриат;Э-233
экономический;1;бакалавриат;БВ-1
экономический;1;бакалавриат;БИ-1
экономический;1;бакалавриат;УП-1
экономический;1;бакалавриат;Э-111
экономический;1;бакалавриат;Э-112
экономический;1;бакалавриат;Э-113
экономический;1;бакалавриат;Э-121
экономический;1;бакалавриат;Э-122
экономический;1;бакалавриат;Э-123
экономический;1;бакалавриат;Э-131
экономический;1;бакалавриат;Э-132
экономический;1;бакалавриат;Э-133
экономический;2;магистратура;Бизнес России и стран Содружества в глобальной экономике
экономический;2;магистратура;Государственное и региональное управления
экономический;2;магистратура;Институциональная экономика
экономический;2;магистратура;Информационная бизнес - аналитика
экономический;2;магистратура;Математические методы в экономике
экономический;2;магистратура;М-БУА-2
экономический;2;магистратура;Международня торговая система
экономический;2;магистратура;М-МЭ-2
экономический;2;магистратура;М-ФМ-2
экономический;2;магистратура;М-ЭУП-2-А
экономический;2;магистратура;М-ЭУП-2-М
экономический;2;магистратура;М-ЭУП-2-Ф
экономический;2;магистратура;Прикладная макроэкономика и экономическая политика
экономический;2;магистратура;Управление развитием организаций
экономический;2;магистратура;Управление рисками и страхование
экономический;2;магистратура;Учёт-анализ-аудит
экономический;2;магистратура;Финансовые рынки и банки (профиль - банковский менеджмент и маркетинг)
экономический;2;магистратура;Финансовые рынки и банки (профиль - финансовые рынки: инструменты и технологии)
экономический;2;магистратура;Экономика фирмы
экономический;2;магистратура;Экономика фирмы - управление инновациями
экономический;1;магистратура;Бизнес России и стран Содружества в глобальной экономике
экономический;1;магистратура;Государственное и региональное управление
экономический;1;магистратура;институциональная экономика
экономический;1;магистратура;Информационная бизнес - аналитика
экономический;1;магистратура;Математические методы в экономике
экономический;1;магистратура;М-БУА-1
экономический;1;магистратура;Международная торговая система
экономический;1;магистратура;М-МЭ-1
экономический;1;магистратура;М-ФМ-1
экономический;1;магистратура;М-ЭУП-1А
экономический;1;магистратура;М-ЭУП-1М
экономический;1;магистратура;Прикладная макроэкономика и экономическая политика
экономический;1;магистратура;Управление развитием организаций
экономический;1;магистратура;Управление рисками и страхование
экономический;1;магистратура;Учёт-анализ-аудит
экономический;1;магистратура;Финансовые рынки и банки - ( профиль банковский менеджмент и маркетинг)
экономический;1;магистратура;Финансовые рынки и банки - ( профиль финансовые рынки: инструменты и технологии)
экономический;1;магистратура;Экономика фирмы
экономический;1;магистратура;Экономика фирмы - управление инновациями
экономический;3;специалитет;ЭкБ-3
экономический;2;специалитет;ЭкБ-2
экономический;1;специалитет;ЭкБ-1
биологии;1;магистратура;1 М Биофизика
востоковедения;3;бакалавриат;31БрКтФ
востоковедения;4;бакалавриат;41ИаФ
востоковедения;2;магистратура;2МЯпФ
востоковедения;2;магистратура;2МИИаБФ
менеджмента;1;бакалавриат;EMBA-2017B
